DISTRICT,REGION,DEPARTEMENT,SOUS-PREFECTURE OU COMMUNE,CATEGORIE,EFFECTIF
ABIDJAN,ABIDJAN,ABIDJAN,ABOBO,HOMME,680422
ABIDJAN,ABIDJAN,ABIDJAN,ADJAME,HOMME,180917
ABIDJAN,ABIDJAN,ABIDJAN,ATTECOUBE,HOMME,163989
ABIDJAN,ABIDJAN,ABIDJAN,COCODY,HOMME,330016
ABIDJAN,ABIDJAN,ABIDJAN,KOUMASSI,HOMME,209098
ABIDJAN,ABIDJAN,ABIDJAN,MARCORY,HOMME,110458
ABIDJAN,ABIDJAN,ABIDJAN,PLATEAU,HOMME,3635
ABIDJAN,ABIDJAN,ABIDJAN,PORT-BOUET,HOMME,321726
ABIDJAN,ABIDJAN,ABIDJAN,TREICHVILLE,HOMME,55910
ABIDJAN,ABIDJAN,ABIDJAN,YOPOUGON,HOMME,795443
ABIDJAN,ABIDJAN,ABIDJAN,ANYAMA,HOMME,200517
ABIDJAN,ABIDJAN,ABIDJAN,BINGERVILLE,HOMME,101397
ABIDJAN,ABIDJAN,ABIDJAN,BROFODOUME,HOMME,10623
ABIDJAN,ABIDJAN,ABIDJAN,SONGON,HOMME,46833
YAMOUSSOUKRO ,YAMOUSSOUKRO ,ATTIEGOUAKRO,ATTIEGOUAKRO,HOMME,7266
YAMOUSSOUKRO ,YAMOUSSOUKRO ,ATTIEGOUAKRO,LOLOBO (D'ATTIEGOUAKRO),HOMME,18538
YAMOUSSOUKRO ,YAMOUSSOUKRO ,YAMOUSSOUKRO,YAMOUSSOUKRO,HOMME,173978
YAMOUSSOUKRO ,YAMOUSSOUKRO ,YAMOUSSOUKRO,KOSSOU,HOMME,17394
BAS-SASSANDRA,SAN PEDRO ,SAN-PEDRO,DOBA,HOMME,52162
BAS-SASSANDRA,SAN PEDRO ,SAN-PEDRO,DOGBO,HOMME,34234
BAS-SASSANDRA,SAN PEDRO ,SAN-PEDRO,GABIADJI,HOMME,60478
BAS-SASSANDRA,SAN PEDRO ,SAN-PEDRO,GRAND-BEREBY,HOMME,69343
BAS-SASSANDRA,SAN PEDRO ,SAN-PEDRO,SAN-PEDRO,HOMME,205927
BAS-SASSANDRA,SAN PEDRO ,TABOU,DAPO-IBOKE,HOMME,11283
BAS-SASSANDRA,SAN PEDRO ,TABOU,DJAMANDIOKE,HOMME,12175
BAS-SASSANDRA,SAN PEDRO ,TABOU,DJOUROUTOU,HOMME,50289
BAS-SASSANDRA,SAN PEDRO ,TABOU,GRABO,HOMME,29970
BAS-SASSANDRA,SAN PEDRO ,TABOU,OLODIO,HOMME,11164
BAS-SASSANDRA,SAN PEDRO ,TABOU,TABOU,HOMME,33677
BAS-SASSANDRA,NAWA ,BUYO,BUYO,HOMME,53489
BAS-SASSANDRA,NAWA ,BUYO,DAPEOUA,HOMME,40371
BAS-SASSANDRA,NAWA ,GUEYO,DABOUYO,HOMME,24345
BAS-SASSANDRA,NAWA ,GUEYO,GUEYO,HOMME,30829
BAS-SASSANDRA,NAWA ,MEAGUI,GNAMANGUI,HOMME,45039
BAS-SASSANDRA,NAWA ,MEAGUI,MEAGUI,HOMME,81472
BAS-SASSANDRA,NAWA ,MEAGUI,OUPOYO,HOMME,32934
BAS-SASSANDRA,NAWA ,SOUBRE,GRAND-ZATTRY,HOMME,58525
BAS-SASSANDRA,NAWA ,SOUBRE,LILIYO,HOMME,43859
BAS-SASSANDRA,NAWA ,SOUBRE,OKROUYO,HOMME,63932
BAS-SASSANDRA,NAWA ,SOUBRE,SOUBRE,HOMME,146075
BAS-SASSANDRA,GBOKLE,FRESCO,DAHIRI,HOMME,18010
BAS-SASSANDRA,GBOKLE,FRESCO,FRESCO,HOMME,26267
BAS-SASSANDRA,GBOKLE,FRESCO,GBAGBAM,HOMME,13008
BAS-SASSANDRA,GBOKLE,SASSANDRA,DAKPADOU,HOMME,39422
BAS-SASSANDRA,GBOKLE,SASSANDRA,GRIHIRI,HOMME,23046
BAS-SASSANDRA,GBOKLE,SASSANDRA,LOBAKUYA,HOMME,23408
BAS-SASSANDRA,GBOKLE,SASSANDRA,MEDON,HOMME,9654
BAS-SASSANDRA,GBOKLE,SASSANDRA,SAGO,HOMME,49631
BAS-SASSANDRA,GBOKLE,SASSANDRA,SASSANDRA,HOMME,47950
COMOE,INDENIE-DJUABLIN,ABENGOUROU,ABENGOUROU,HOMME,84725
COMOE,INDENIE-DJUABLIN,ABENGOUROU,AMELEKIA,HOMME,13156
COMOE,INDENIE-DJUABLIN,ABENGOUROU,ANIASSUE,HOMME,22088
COMOE,INDENIE-DJUABLIN,ABENGOUROU,EBILASSOKRO,HOMME,15217
COMOE,INDENIE-DJUABLIN,ABENGOUROU,NIABLE,HOMME,30024
COMOE,INDENIE-DJUABLIN,ABENGOUROU,YAKASSE-FEYASSE,HOMME,27591
COMOE,INDENIE-DJUABLIN,ABENGOUROU,ZARANOU,HOMME,35966
COMOE,INDENIE-DJUABLIN,AGNIBILEKROU,AGNIBILEKROU,HOMME,52868
COMOE,INDENIE-DJUABLIN,AGNIBILEKROU,AKOBOISSUE,HOMME,19090
COMOE,INDENIE-DJUABLIN,AGNIBILEKROU,DAME,HOMME,12700
COMOE,INDENIE-DJUABLIN,AGNIBILEKROU,DUFFREBO,HOMME,23066
COMOE,INDENIE-DJUABLIN,AGNIBILEKROU,TANGUELAN,HOMME,6886
COMOE,INDENIE-DJUABLIN,BETTIE,BETTIE,HOMME,18058
COMOE,INDENIE-DJUABLIN,BETTIE,DIAMARAKRO,HOMME,20249
COMOE,SUD-COMOE ,ABOISSO,ABOISSO,HOMME,52456
COMOE,SUD-COMOE ,ABOISSO,ADAOU,HOMME,26164
COMOE,SUD-COMOE ,ABOISSO,ADJOUAN,HOMME,14420
COMOE,SUD-COMOE ,ABOISSO,AYAME,HOMME,14726
COMOE,SUD-COMOE ,ABOISSO,BIANOUAN,HOMME,26137
COMOE,SUD-COMOE ,ABOISSO,KOUAKRO,HOMME,19678
COMOE,SUD-COMOE ,ABOISSO,MAFERE,HOMME,24975
COMOE,SUD-COMOE ,ABOISSO,YAOU,HOMME,11825
COMOE,SUD-COMOE ,ADIAKE,ADIAKE,HOMME,25863
COMOE,SUD-COMOE ,ADIAKE,ASSINIE-MAFIA,HOMME,11800
COMOE,SUD-COMOE ,ADIAKE,ETUEBOUE,HOMME,7858
COMOE,SUD-COMOE ,GRAND-BASSAM,BONGO,HOMME,13102
COMOE,SUD-COMOE ,GRAND-BASSAM,BONOUA,HOMME,61118
COMOE,SUD-COMOE ,GRAND-BASSAM,GRAND-BASSAM,HOMME,63206
COMOE,SUD-COMOE ,TIAPOUM,NOE,HOMME,12590
COMOE,SUD-COMOE ,TIAPOUM,NOUAMOU,HOMME,8663
COMOE,SUD-COMOE ,TIAPOUM,TIAPOUM,HOMME,13034
DENGUELE ,KABADOUGOU,GBELEBAN,GBELEBAN,HOMME,2351
DENGUELE ,KABADOUGOU,GBELEBAN,SAMANGO,HOMME,8836
DENGUELE ,KABADOUGOU,GBELEBAN,SEYDOUGOU,HOMME,4005
DENGUELE ,KABADOUGOU,MADINANI,FENGOLO,HOMME,3914
DENGUELE ,KABADOUGOU,MADINANI,MADINANI,HOMME,16827
DENGUELE ,KABADOUGOU,MADINANI,N’GOLOBLASSO,HOMME,4984
DENGUELE ,KABADOUGOU,ODIENNE,BAKO,HOMME,14701
DENGUELE ,KABADOUGOU,ODIENNE,BOUGOUSSO,HOMME,5277
DENGUELE ,KABADOUGOU,ODIENNE,DIOULATIEDOUGOU,HOMME,11048
DENGUELE ,KABADOUGOU,ODIENNE,ODIENNE,HOMME,45843
DENGUELE ,KABADOUGOU,ODIENNE,TIEME,HOMME,6080
DENGUELE ,KABADOUGOU,SAMATIGUILA,KIMBIRILA-SUD,HOMME,6390
DENGUELE ,KABADOUGOU,SAMATIGUILA,SAMATIGUILA,HOMME,4252
DENGUELE ,KABADOUGOU,SEGUELON,GBONGAHA,HOMME,6139
DENGUELE ,KABADOUGOU,SEGUELON,SEGUELON,HOMME,10746
DENGUELE ,FOLON ,KANIASSO,GOULIA,HOMME,13802
DENGUELE ,FOLON ,KANIASSO,KANIASSO,HOMME,9698
DENGUELE ,FOLON ,KANIASSO,MAHANDIANA-SOKOURANI,HOMME,19999
DENGUELE ,FOLON ,MINIGNAN,KIMBIRILA-NORD,HOMME,4929
DENGUELE ,FOLON ,MINIGNAN,MINIGNAN,HOMME,12795
DENGUELE ,FOLON ,MINIGNAN,SOKORO,HOMME,4322
DENGUELE ,FOLON ,MINIGNAN,TIENKO,HOMME,10358
GÔH-DJIBOUA,GÔH,GAGNOA,BAYOTA,HOMME,28107
GÔH-DJIBOUA,GÔH,GAGNOA,DAHIEPA-KEHI,HOMME,11017
GÔH-DJIBOUA,GÔH,GAGNOA,DIGNAGO,HOMME,18815
GÔH-DJIBOUA,GÔH,GAGNOA,DOUGROUPALEGONAO,HOMME,31171
GÔH-DJIBOUA,GÔH,GAGNOA,DOUKOUYO,HOMME,10230
GÔH-DJIBOUA,GÔH,GAGNOA,GAGNOA,HOMME,143167
GÔH-DJIBOUA,GÔH,GAGNOA,GALEBRE / GALEBOUO,HOMME,20690
GÔH-DJIBOUA,GÔH,GAGNOA,GNAGBODOUGNOA,HOMME,9139
GÔH-DJIBOUA,GÔH,GAGNOA,GUIBEROUA,HOMME,40944
GÔH-DJIBOUA,GÔH,GAGNOA,OURAGAHIO,HOMME,26257
GÔH-DJIBOUA,GÔH,GAGNOA,SERIHIO,HOMME,24983
GÔH-DJIBOUA,GÔH,GAGNOA,YOPOHUE,HOMME,15250
GÔH-DJIBOUA,GÔH,OUME,DIEGONEFLA,HOMME,38240
GÔH-DJIBOUA,GÔH,OUME,GUEPAHOUO,HOMME,14492
GÔH-DJIBOUA,GÔH,OUME,OUME,HOMME,67028
GÔH-DJIBOUA,GÔH,OUME,TONLA,HOMME,16074
GÔH-DJIBOUA,LÔH-DJIBOUA ,DIVO,CHIEPO,HOMME,14184
GÔH-DJIBOUA,LÔH-DJIBOUA ,DIVO,DIDOKO,HOMME,17911
GÔH-DJIBOUA,LÔH-DJIBOUA ,DIVO,DIVO,HOMME,151916
GÔH-DJIBOUA,LÔH-DJIBOUA ,DIVO,HIRE,HOMME,40779
GÔH-DJIBOUA,LÔH-DJIBOUA ,DIVO,NEBO,HOMME,17086
GÔH-DJIBOUA,LÔH-DJIBOUA ,DIVO,OGOUDOU,HOMME,37711
GÔH-DJIBOUA,LÔH-DJIBOUA ,DIVO,ZEGO,HOMME,17448
GÔH-DJIBOUA,LÔH-DJIBOUA ,GUITRY,DAIRO-DIDIZO,HOMME,30651
GÔH-DJIBOUA,LÔH-DJIBOUA ,GUITRY,GUITRY,HOMME,40946
GÔH-DJIBOUA,LÔH-DJIBOUA ,GUITRY,LAUZOUA,HOMME,17108
GÔH-DJIBOUA,LÔH-DJIBOUA ,GUITRY,YOCOBOUE,HOMME,14306
GÔH-DJIBOUA,LÔH-DJIBOUA ,LAKOTA,DJIDJI,HOMME,8319
GÔH-DJIBOUA,LÔH-DJIBOUA ,LAKOTA,GAGORE,HOMME,10298
GÔH-DJIBOUA,LÔH-DJIBOUA ,LAKOTA,GOUDOUKO,HOMME,17530
GÔH-DJIBOUA,LÔH-DJIBOUA ,LAKOTA,LAKOTA,HOMME,90337
GÔH-DJIBOUA,LÔH-DJIBOUA ,LAKOTA,NIAMBEZARIA,HOMME,44842
GÔH-DJIBOUA,LÔH-DJIBOUA ,LAKOTA,ZIKISSO,HOMME,6283
LACS,BELIER ,DIDIEVI,BOLI,HOMME,6925
LACS,BELIER ,DIDIEVI,DIDIEVI,HOMME,13432
LACS,BELIER ,DIDIEVI,MOLONOU-BLE,HOMME,10842
LACS,BELIER ,DIDIEVI,RAVIART,HOMME,9023
LACS,BELIER ,DIDIEVI,TIE-N’DIEKRO,HOMME,5969
LACS,BELIER ,DJEKANOU,BONIKRO,HOMME,5584
LACS,BELIER ,DJEKANOU,DJEKANOU,HOMME,14212
LACS,BELIER ,TIEBISSOU,LOMOKANKRO,HOMME,7481
LACS,BELIER ,TIEBISSOU,MOLONOU,HOMME,12327
LACS,BELIER ,TIEBISSOU,TIEBISSOU,HOMME,34022
LACS,BELIER ,TIEBISSOU,YAKPABO-SAKASSOU,HOMME,6323
LACS,BELIER ,TOUMODI,ANGODA,HOMME,5864
LACS,BELIER ,TOUMODI,KOKOUMBO,HOMME,18923
LACS,BELIER ,TOUMODI,KPOUEBO,HOMME,17516
LACS,BELIER ,TOUMODI,TOUMODI,HOMME,45004
LACS,IFFOU,DAOUKRO,DAOUKRO,HOMME,52558
LACS,IFFOU,DAOUKRO,ETTROKRO,HOMME,12411
LACS,IFFOU,DAOUKRO,N'GATTAKRO,HOMME,6364
LACS,IFFOU,DAOUKRO,SAMANZA,HOMME,6284
LACS,IFFOU,M'BAHIAKRO,BONGUERA,HOMME,9139
LACS,IFFOU,M'BAHIAKRO,KONDOSSOU,HOMME,5217
LACS,IFFOU,M'BAHIAKRO,M'BAHIAKRO,HOMME,26008
LACS,IFFOU,OUELLE,AKPASSANOU,HOMME,2901
LACS,IFFOU,OUELLE,ANANDA,HOMME,6652
LACS,IFFOU,OUELLE,OUELLE,HOMME,20011
LACS,IFFOU,PRIKRO,ANIANOU,HOMME,4280
LACS,IFFOU,PRIKRO,FAMIENKRO,HOMME,8622
LACS,IFFOU,PRIKRO,KOFFI-AMONKRO,HOMME,6764
LACS,IFFOU,PRIKRO,NAFANA-PRIKRO,HOMME,7230
LACS,IFFOU,PRIKRO,PRIKRO,HOMME,22276
LACS,N'ZI ,BOCANDA,BENGASSOU,HOMME,13053
LACS,N'ZI ,BOCANDA,BOCANDA,HOMME,29940
LACS,N'ZI ,BOCANDA,KOUADIOBLEKRO,HOMME,10187
LACS,N'ZI ,BOCANDA,N'ZEKREZESSOU,HOMME,8597
LACS,N'ZI ,DIMBOKRO,ABIGUI,HOMME,4409
LACS,N'ZI ,DIMBOKRO,DIANGOKRO,HOMME,9163
LACS,N'ZI ,DIMBOKRO,DIMBOKRO,HOMME,35390
LACS,N'ZI ,DIMBOKRO,NOFOU,HOMME,3612
LACS,N'ZI ,KOUASSI-KOUASSIKRO,KOUASSI-KOUASSIKRO,HOMME,11841
LACS,N'ZI ,KOUASSI-KOUASSIKRO,MEKRO,HOMME,3194
LACS,MORONOU ,ARRAH,ARRAH,HOMME,24637
LACS,MORONOU ,ARRAH,KOTOBI,HOMME,20462
LACS,MORONOU ,ARRAH,KREGBE,HOMME,11073
LACS,MORONOU ,BONGOUANOU,ANDE,HOMME,32451
LACS,MORONOU ,BONGOUANOU,ASSIE-KOUMASSI,HOMME,11433
LACS,MORONOU ,BONGOUANOU,BONGOUANOU,HOMME,39504
LACS,MORONOU ,BONGOUANOU,N’GUESSANKRO-BONGOUANOU,HOMME,22412
LACS,MORONOU ,M'BATTO,ANOUMABA,HOMME,11872
LACS,MORONOU ,M'BATTO,ASSAHARA,HOMME,6066
LACS,MORONOU ,M'BATTO,M'BATTO,HOMME,40362
LACS,MORONOU ,M'BATTO,TIEMELEKRO,HOMME,17186
LAGUNES,GRANDS PONTS,DABOU,DABOU,HOMME,70221
LAGUNES,GRANDS PONTS,DABOU,LOPOU,HOMME,18647
LAGUNES,GRANDS PONTS,DABOU,TOUPAH,HOMME,21325
LAGUNES,GRANDS PONTS,GRAND-LAHOU,AHOUANOU,HOMME,18835
LAGUNES,GRANDS PONTS,GRAND-LAHOU,BACANDA,HOMME,12203
LAGUNES,GRANDS PONTS,GRAND-LAHOU,EBONOU,HOMME,9898
LAGUNES,GRANDS PONTS,GRAND-LAHOU,GRAND-LAHOU,HOMME,40735
LAGUNES,GRANDS PONTS,GRAND-LAHOU,TOUKOUZOU,HOMME,1511
LAGUNES,GRANDS PONTS,JACQUEVILLE,ATTOUTOU,HOMME,16150
LAGUNES,GRANDS PONTS,JACQUEVILLE,JACQUEVILLE,HOMME,26232
LAGUNES,AGNEBY-TIASSA ,AGBOVILLE,ABOUDE,HOMME,14758
LAGUNES,AGNEBY-TIASSA ,AGBOVILLE,ANANGUIE,HOMME,9593
LAGUNES,AGNEBY-TIASSA ,AGBOVILLE,AGBOVILLE,HOMME,69015
LAGUNES,AGNEBY-TIASSA ,AGBOVILLE,ATTOBROU,HOMME,13646
LAGUNES,AGNEBY-TIASSA ,AGBOVILLE,AZAGUIE,HOMME,19660
LAGUNES,AGNEBY-TIASSA ,AGBOVILLE,CECHI,HOMME,14090
LAGUNES,AGNEBY-TIASSA ,AGBOVILLE,GRAND-MORIE,HOMME,13326
LAGUNES,AGNEBY-TIASSA ,AGBOVILLE,GUESSIGUIE,HOMME,13863
LAGUNES,AGNEBY-TIASSA ,AGBOVILLE,LOVIGUIE,HOMME,10091
LAGUNES,AGNEBY-TIASSA ,AGBOVILLE,ORESS-KROBOU,HOMME,4430
LAGUNES,AGNEBY-TIASSA ,AGBOVILLE,RUBINO,HOMME,17579
LAGUNES,AGNEBY-TIASSA ,SIKENSI,GOMON,HOMME,18759
LAGUNES,AGNEBY-TIASSA ,SIKENSI,SIKENSI,HOMME,48124
LAGUNES,AGNEBY-TIASSA ,TAABO,PACOBO,HOMME,10832
LAGUNES,AGNEBY-TIASSA ,TAABO,TAABO,HOMME,30199
LAGUNES,AGNEBY-TIASSA ,TIASSALE,GBOLOUVILLE,HOMME,23051
LAGUNES,AGNEBY-TIASSA ,TIASSALE,MOROKRO,HOMME,31666
LAGUNES,AGNEBY-TIASSA ,TIASSALE,N'DOUCI,HOMME,52034
LAGUNES,AGNEBY-TIASSA ,TIASSALE,TIASSALE,HOMME,44043
LAGUNES,ME ,ADZOPE,ADZOPE,HOMME,80832
LAGUNES,ME ,ADZOPE,AGOU,HOMME,16022
LAGUNES,ME ,ADZOPE,ANNEPE,HOMME,13730
LAGUNES,ME ,ADZOPE,ASSIKOI,HOMME,11195
LAGUNES,ME ,ADZOPE,BECEDI-BRIGNAN,HOMME,11595
LAGUNES,ME ,ADZOPE,YAKASSE-ME,HOMME,14138
LAGUNES,ME ,AKOUPE,AFFERY,HOMME,24854
LAGUNES,ME ,AKOUPE,AKOUPE,HOMME,39799
LAGUNES,ME ,AKOUPE,BECOUEFIN,HOMME,16240
LAGUNES,ME ,ALEPE,ABOISSO-COMOE,HOMME,19175
LAGUNES,ME ,ALEPE,ALEPE,HOMME,31289
LAGUNES,ME ,ALEPE,ALLOSSO,HOMME,7748
LAGUNES,ME ,ALEPE,DANGUIRA,HOMME,30626
LAGUNES,ME ,ALEPE,OGHLWAPO,HOMME,9060
LAGUNES,ME ,YAKASSE-ATTOBROU,ABONGOUA,HOMME,9680
LAGUNES,ME ,YAKASSE-ATTOBROU,BIEBY,HOMME,13272
LAGUNES,ME ,YAKASSE-ATTOBROU,YAKASSE-ATTOBROU,HOMME,33572
MONTAGNES,TONKPI ,BIANKOUMA,BIANKOUMA,HOMME,37967
MONTAGNES,TONKPI ,BIANKOUMA,BLAPLEU,HOMME,13971
MONTAGNES,TONKPI ,BIANKOUMA,GBANGBEGOUINE,HOMME,2129
MONTAGNES,TONKPI ,BIANKOUMA,GBONNE,HOMME,29840
MONTAGNES,TONKPI ,BIANKOUMA,GOUINE,HOMME,12473
MONTAGNES,TONKPI ,BIANKOUMA,KPATA,HOMME,4887
MONTAGNES,TONKPI ,BIANKOUMA,SANTA-BIANKOUMA,HOMME,27936
MONTAGNES,TONKPI ,DANANE,DALEU,HOMME,31094
MONTAGNES,TONKPI ,DANANE,DANANE,HOMME,70095
MONTAGNES,TONKPI ,DANANE,GBON-HOUYE,HOMME,10224
MONTAGNES,TONKPI ,DANANE,KOUAN-HOULE,HOMME,19800
MONTAGNES,TONKPI ,DANANE,MAHAPLEU,HOMME,36120
MONTAGNES,TONKPI ,DANANE,SEILEU,HOMME,12308
MONTAGNES,TONKPI ,DANANE,ZONNEU,HOMME,15451
MONTAGNES,TONKPI ,MAN,BOGOUINE,HOMME,11425
MONTAGNES,TONKPI ,MAN,FAGNAMPLEU,HOMME,1630
MONTAGNES,TONKPI ,MAN,GBANGBEGOUINE YATI,HOMME,14013
MONTAGNES,TONKPI ,MAN,LOGOUALE,HOMME,18037
MONTAGNES,TONKPI ,MAN,MAN,HOMME,127234
MONTAGNES,TONKPI ,MAN,PODIAGOUINE,HOMME,17236
MONTAGNES,TONKPI ,MAN,SANDOUGOU-SOBA,HOMME,3893
MONTAGNES,TONKPI ,MAN,SANGOUINE,HOMME,34066
MONTAGNES,TONKPI ,MAN,YAPLEU,HOMME,5882
MONTAGNES,TONKPI ,MAN,ZAGOUE,HOMME,2984
MONTAGNES,TONKPI ,MAN,ZIOGOUINE,HOMME,8692
MONTAGNES,TONKPI ,SIPILOU,SIPILOU,HOMME,22047
MONTAGNES,TONKPI ,SIPILOU,YORODOUGOU,HOMME,17864
MONTAGNES,TONKPI ,ZOUAN-HOUNIEN,BANNEU,HOMME,10631
MONTAGNES,TONKPI ,ZOUAN-HOUNIEN,BIN-HOUYE,HOMME,16549
MONTAGNES,TONKPI ,ZOUAN-HOUNIEN,GOULALEU,HOMME,16397
MONTAGNES,TONKPI ,ZOUAN-HOUNIEN,TEAPLEU,HOMME,21788
MONTAGNES,TONKPI ,ZOUAN-HOUNIEN,YELLEU,HOMME,8119
MONTAGNES,TONKPI ,ZOUAN-HOUNIEN,ZOUAN-HOUNIEN,HOMME,58155
MONTAGNES,CAVALLY,BLOLEQUIN,BLOLEQUIN,HOMME,69946
MONTAGNES,CAVALLY,BLOLEQUIN,DIBOKE,HOMME,14666
MONTAGNES,CAVALLY,BLOLEQUIN,DOKE,HOMME,20141
MONTAGNES,CAVALLY,BLOLEQUIN,TINHOU,HOMME,12810
MONTAGNES,CAVALLY,BLOLEQUIN,ZEAGLO,HOMME,17827
MONTAGNES,CAVALLY,GUIGLO,BEDY-GOAZON,HOMME,14970
MONTAGNES,CAVALLY,GUIGLO,GUIGLO,HOMME,93037
MONTAGNES,CAVALLY,GUIGLO,KAADE,HOMME,22225
MONTAGNES,CAVALLY,GUIGLO,NIZAHON,HOMME,11553
MONTAGNES,CAVALLY,TAÏ,TAÏ,HOMME,23317
MONTAGNES,CAVALLY,TAÏ,ZAGNE,HOMME,40491
MONTAGNES,CAVALLY,TOULEPLEU,BAKOUBLY,HOMME,4091
MONTAGNES,CAVALLY,TOULEPLEU,MEO,HOMME,13028
MONTAGNES,CAVALLY,TOULEPLEU,NEZOBLY,HOMME,5153
MONTAGNES,CAVALLY,TOULEPLEU,PEHE,HOMME,9847
MONTAGNES,CAVALLY,TOULEPLEU,TIOBLY,HOMME,6213
MONTAGNES,CAVALLY,TOULEPLEU,TOULEPLEU,HOMME,15262
MONTAGNES,GUEMON,BANGOLO,BANGOLO,HOMME,30505
MONTAGNES,GUEMON,BANGOLO,BEOUE-ZIBIAO,HOMME,9882
MONTAGNES,GUEMON,BANGOLO,BLENIMEOUIN,HOMME,10077
MONTAGNES,GUEMON,BANGOLO,DIEOUZON,HOMME,10056
MONTAGNES,GUEMON,BANGOLO,GOHOUO-ZAGNA,HOMME,8304
MONTAGNES,GUEMON,BANGOLO,GUINGLO-TAHOUAKE,HOMME,9690
MONTAGNES,GUEMON,BANGOLO,KAHIN-ZARABAON,HOMME,32457
MONTAGNES,GUEMON,BANGOLO,ZEO,HOMME,7506
MONTAGNES,GUEMON,BANGOLO,ZOU,HOMME,29143
MONTAGNES,GUEMON,DUEKOUE,BAGOHOUO,HOMME,15891
MONTAGNES,GUEMON,DUEKOUE,DUEKOUE,HOMME,118759
MONTAGNES,GUEMON,DUEKOUE,GBAPLEU,HOMME,33578
MONTAGNES,GUEMON,DUEKOUE,GUEHIEBLY,HOMME,28319
MONTAGNES,GUEMON,DUEKOUE,GUEZON-DUEKOUE,HOMME,30703
MONTAGNES,GUEMON,FACOBLY,FACOBLY,HOMME,14416
MONTAGNES,GUEMON,FACOBLY,GUEZON (DE FACOBLY),HOMME,5558
MONTAGNES,GUEMON,FACOBLY,KOUA,HOMME,6482
MONTAGNES,GUEMON,FACOBLY,SEMIEN,HOMME,19192
MONTAGNES,GUEMON,FACOBLY,TIENY-SIABLY,HOMME,4977
MONTAGNES,GUEMON,KOUIBLY,KOUIBLY,HOMME,26433
MONTAGNES,GUEMON,KOUIBLY,NIDROU,HOMME,7022
MONTAGNES,GUEMON,KOUIBLY,OUYABLY-GNONDROU,HOMME,33482
MONTAGNES,GUEMON,KOUIBLY,TOTRODROU,HOMME,11436
SASSANDRA-MARAHOUE ,HAUT-SASSANDRA,DALOA,BEDIALA,HOMME,44246
SASSANDRA-MARAHOUE ,HAUT-SASSANDRA,DALOA,DALOA,HOMME,217633
SASSANDRA-MARAHOUE ,HAUT-SASSANDRA,DALOA,GADOUAN,HOMME,33290
SASSANDRA-MARAHOUE ,HAUT-SASSANDRA,DALOA,GBOGUHE,HOMME,35756
SASSANDRA-MARAHOUE ,HAUT-SASSANDRA,DALOA,GONATE,HOMME,22880
SASSANDRA-MARAHOUE ,HAUT-SASSANDRA,DALOA,ZAÏBO,HOMME,12360
SASSANDRA-MARAHOUE ,HAUT-SASSANDRA,ISSIA,BOGUEDIA,HOMME,13842
SASSANDRA-MARAHOUE ,HAUT-SASSANDRA,ISSIA,IBOGUHE,HOMME,29772
SASSANDRA-MARAHOUE ,HAUT-SASSANDRA,ISSIA,ISSIA,HOMME,67600
SASSANDRA-MARAHOUE ,HAUT-SASSANDRA,ISSIA,NAHIO,HOMME,12062
SASSANDRA-MARAHOUE ,HAUT-SASSANDRA,ISSIA,NAMANE,HOMME,24270
SASSANDRA-MARAHOUE ,HAUT-SASSANDRA,ISSIA,SAÏOUA,HOMME,54047
SASSANDRA-MARAHOUE ,HAUT-SASSANDRA,ISSIA,TAPEGUIA,HOMME,17863
SASSANDRA-MARAHOUE ,HAUT-SASSANDRA,VAVOUA,BAZRA-NATTIS,HOMME,35891
SASSANDRA-MARAHOUE ,HAUT-SASSANDRA,VAVOUA,DANANON,HOMME,19300
SASSANDRA-MARAHOUE ,HAUT-SASSANDRA,VAVOUA,DANIA,HOMME,57959
SASSANDRA-MARAHOUE ,HAUT-SASSANDRA,VAVOUA,KETTRO-BASSAM,HOMME,13370
SASSANDRA-MARAHOUE ,HAUT-SASSANDRA,VAVOUA,SEITIFLA,HOMME,58512
SASSANDRA-MARAHOUE ,HAUT-SASSANDRA,VAVOUA,VAVOUA,HOMME,70170
SASSANDRA-MARAHOUE ,HAUT-SASSANDRA,ZOUKOUGBEU,DOMANGBEU,HOMME,10091
SASSANDRA-MARAHOUE ,HAUT-SASSANDRA,ZOUKOUGBEU,GREGBEU,HOMME,14151
SASSANDRA-MARAHOUE ,HAUT-SASSANDRA,ZOUKOUGBEU,GUESSABO,HOMME,22065
SASSANDRA-MARAHOUE ,HAUT-SASSANDRA,ZOUKOUGBEU,ZOUKOUGBEU,HOMME,33290
SASSANDRA-MARAHOUE ,MARAHOUE,BONON,BONON,HOMME,62522
SASSANDRA-MARAHOUE ,MARAHOUE,BONON,ZAGUIETA,HOMME,26752
SASSANDRA-MARAHOUE ,MARAHOUE,BOUAFLE,BEGBESSOU,HOMME,14278
SASSANDRA-MARAHOUE ,MARAHOUE,BOUAFLE,BOUAFLE,HOMME,114524
SASSANDRA-MARAHOUE ,MARAHOUE,BOUAFLE,N'DOUFFOUKANKRO,HOMME,10344
SASSANDRA-MARAHOUE ,MARAHOUE,BOUAFLE,PAKOUABO,HOMME,10670
SASSANDRA-MARAHOUE ,MARAHOUE,BOUAFLE,TIBEITA,HOMME,12041
SASSANDRA-MARAHOUE ,MARAHOUE,GOHITAFLA,GOHITAFLA,HOMME,24850
SASSANDRA-MARAHOUE ,MARAHOUE,GOHITAFLA,IRIEFLA,HOMME,4285
SASSANDRA-MARAHOUE ,MARAHOUE,GOHITAFLA,MAMINIGUI,HOMME,14967
SASSANDRA-MARAHOUE ,MARAHOUE,SINFRA,BAZRE,HOMME,15939
SASSANDRA-MARAHOUE ,MARAHOUE,SINFRA,KONONFLA,HOMME,29412
SASSANDRA-MARAHOUE ,MARAHOUE,SINFRA,KOUETINFLA,HOMME,12034
SASSANDRA-MARAHOUE ,MARAHOUE,SINFRA,SINFRA,HOMME,70669
SASSANDRA-MARAHOUE ,MARAHOUE,ZUENOULA,KANZRA,HOMME,19468
SASSANDRA-MARAHOUE ,MARAHOUE,ZUENOULA,VOUEBOUFLA,HOMME,12709
SASSANDRA-MARAHOUE ,MARAHOUE,ZUENOULA,ZANZRA,HOMME,24122
SASSANDRA-MARAHOUE ,MARAHOUE,ZUENOULA,ZUENOULA,HOMME,41887
SAVANES ,PORO,DIKODOUGOU,BORON,HOMME,17820
SAVANES ,PORO,DIKODOUGOU,DIKODOUGOU,HOMME,24056
SAVANES ,PORO,DIKODOUGOU,GUIEMBE,HOMME,9955
SAVANES ,PORO,KORHOGO,DASSOUNGBOHO,HOMME,4289
SAVANES ,PORO,KORHOGO,KANOROBA,HOMME,12488
SAVANES ,PORO,KORHOGO,KARAKORO,HOMME,10759
SAVANES ,PORO,KORHOGO,KIEMOU,HOMME,17156
SAVANES ,PORO,KORHOGO,KOMBOLOKOURA,HOMME,4465
SAVANES ,PORO,KORHOGO,KOMBORODOUGOU,HOMME,8105
SAVANES ,PORO,KORHOGO,KONI,HOMME,8347
SAVANES ,PORO,KORHOGO,KORHOGO,HOMME,225190
SAVANES ,PORO,KORHOGO,LATAHA,HOMME,12875
SAVANES ,PORO,KORHOGO,NAFOUN,HOMME,5087
SAVANES ,PORO,KORHOGO,NAPIELEODOUGOU,HOMME,14516
SAVANES ,PORO,KORHOGO,N'GANON,HOMME,4599
SAVANES ,PORO,KORHOGO,NIOFOIN,HOMME,18900
SAVANES ,PORO,KORHOGO,SIRASSO,HOMME,14919
SAVANES ,PORO,KORHOGO,SOHOUO,HOMME,5447
SAVANES ,PORO,KORHOGO,TIORONIARADOUGOU,HOMME,10323
SAVANES ,PORO,M'BENGUE,BOUGOU,HOMME,8267
SAVANES ,PORO,M'BENGUE,KATIALI,HOMME,6771
SAVANES ,PORO,M'BENGUE,KATOGO,HOMME,10270
SAVANES ,PORO,M'BENGUE,M'BENGUE,HOMME,33910
SAVANES ,PORO,SINEMATIALI,BAHOUAKAHA,HOMME,2917
SAVANES ,PORO,SINEMATIALI,KAGBOLODOUGOU,HOMME,4835
SAVANES ,PORO,SINEMATIALI,SEDIEGO,HOMME,2983
SAVANES ,PORO,SINEMATIALI,SINEMATIALI,HOMME,25280
SAVANES ,TCHOLOGO ,FERKESSEDOUGOU,FERKESSEDOUGOU,HOMME,81600
SAVANES ,TCHOLOGO ,FERKESSEDOUGOU,KOUMBALA,HOMME,7456
SAVANES ,TCHOLOGO ,FERKESSEDOUGOU,TOGONIERE,HOMME,7775
SAVANES ,TCHOLOGO ,KONG,BILIMONO,HOMME,14819
SAVANES ,TCHOLOGO ,KONG,KONG,HOMME,17655
SAVANES ,TCHOLOGO ,KONG,NAFANA(DE KONG),HOMME,14486
SAVANES ,TCHOLOGO ,KONG,SIKOLO,HOMME,14293
SAVANES ,TCHOLOGO ,OUANGOLODOUGOU,DIAWALA,HOMME,44288
SAVANES ,TCHOLOGO ,OUANGOLODOUGOU,KAOUARA,HOMME,16837
SAVANES ,TCHOLOGO ,OUANGOLODOUGOU,NIELLE,HOMME,25035
SAVANES ,TCHOLOGO ,OUANGOLODOUGOU,OUANGOLODOUGOU,HOMME,42626
SAVANES ,TCHOLOGO ,OUANGOLODOUGOU,TOUMOUKORO,HOMME,22167
SAVANES ,BAGOUE ,BOUNDIALI,BAYA,HOMME,8696
SAVANES ,BAGOUE ,BOUNDIALI,BOUNDIALI,HOMME,47877
SAVANES ,BAGOUE ,BOUNDIALI,GANAONI,HOMME,13262
SAVANES ,BAGOUE ,BOUNDIALI,KASSERE,HOMME,20320
SAVANES ,BAGOUE ,BOUNDIALI,SIEMPURGO,HOMME,13043
SAVANES ,BAGOUE ,KOUTO,BLESSEGUE,HOMME,10976
SAVANES ,BAGOUE ,KOUTO,GBON,HOMME,15770
SAVANES ,BAGOUE ,KOUTO,KOLIA,HOMME,16478
SAVANES ,BAGOUE ,KOUTO,KOUTO,HOMME,28352
SAVANES ,BAGOUE ,KOUTO,SIANHALA,HOMME,17068
SAVANES ,BAGOUE ,TENGRELA,DEBETE,HOMME,2696
SAVANES ,BAGOUE ,TENGRELA,KANAKONO,HOMME,15785
SAVANES ,BAGOUE ,TENGRELA,PAPARA,HOMME,7735
SAVANES ,BAGOUE ,TENGRELA,TENGRELA,HOMME,47172
VALLEE DU BANDAMAN,GBEKE,BEOUMI,ANDO-KEKRENOU,HOMME,9073
VALLEE DU BANDAMAN,GBEKE,BEOUMI,BEOUMI,HOMME,44710
VALLEE DU BANDAMAN,GBEKE,BEOUMI,BODOKRO,HOMME,18842
VALLEE DU BANDAMAN,GBEKE,BEOUMI,KONDROBO,HOMME,9653
VALLEE DU BANDAMAN,GBEKE,BEOUMI,LOLOBO (DE BEOUMI),HOMME,5790
VALLEE DU BANDAMAN,GBEKE,BEOUMI,MARABADIASSA,HOMME,5673
VALLEE DU BANDAMAN,GBEKE,BEOUMI,N'GUESSANKRO (DE BEOUMI),HOMME,7533
VALLEE DU BANDAMAN,GBEKE,BOTRO,BOTRO,HOMME,18482
VALLEE DU BANDAMAN,GBEKE,BOTRO,DIABO,HOMME,17755
VALLEE DU BANDAMAN,GBEKE,BOTRO,KROFOINSOU,HOMME,6886
VALLEE DU BANDAMAN,GBEKE,BOTRO,LANGUIBONOU,HOMME,15449
VALLEE DU BANDAMAN,GBEKE,BOUAKE,BOUAKE,HOMME,433752
VALLEE DU BANDAMAN,GBEKE,BOUAKE,BOUNDA,HOMME,8593
VALLEE DU BANDAMAN,GBEKE,BOUAKE,BROBO,HOMME,11261
VALLEE DU BANDAMAN,GBEKE,BOUAKE,DJEBONOUA,HOMME,20183
VALLEE DU BANDAMAN,GBEKE,BOUAKE,MAMINI,HOMME,10836
VALLEE DU BANDAMAN,GBEKE,SAKASSOU,AYAOU-SRAN,HOMME,8809
VALLEE DU BANDAMAN,GBEKE,SAKASSOU,DIBRI-ASSIRIKRO,HOMME,8665
VALLEE DU BANDAMAN,GBEKE,SAKASSOU,SAKASSOU,HOMME,35676
VALLEE DU BANDAMAN,GBEKE,SAKASSOU,TOUMODI-SAKASSOU,HOMME,2193
VALLEE DU BANDAMAN,HAMBOL ,DABAKALA,BASSAWA,HOMME,11292
VALLEE DU BANDAMAN,HAMBOL ,DABAKALA,BONIEREDOUGOU,HOMME,14621
VALLEE DU BANDAMAN,HAMBOL ,DABAKALA,DABAKALA,HOMME,40831
VALLEE DU BANDAMAN,HAMBOL ,DABAKALA,FOUMBOLO,HOMME,15159
VALLEE DU BANDAMAN,HAMBOL ,DABAKALA,NIEMENE,HOMME,8528
VALLEE DU BANDAMAN,HAMBOL ,DABAKALA,SATAMA-SOKORO,HOMME,13516
VALLEE DU BANDAMAN,HAMBOL ,DABAKALA,SATAMA-SOKOURA,HOMME,6569
VALLEE DU BANDAMAN,HAMBOL ,DABAKALA,SOKALA-SOBARA,HOMME,8741
VALLEE DU BANDAMAN,HAMBOL ,DABAKALA,TENDENE-BAMBARASSO,HOMME,9007
VALLEE DU BANDAMAN,HAMBOL ,DABAKALA,YAOSSEDOUGOU,HOMME,4537
VALLEE DU BANDAMAN,HAMBOL ,KATIOLA,FRONAN,HOMME,30234
VALLEE DU BANDAMAN,HAMBOL ,KATIOLA,KATIOLA,HOMME,47583
VALLEE DU BANDAMAN,HAMBOL ,KATIOLA,TIMBE,HOMME,7937
VALLEE DU BANDAMAN,HAMBOL ,NIAKARAMADOUGOU,ARIKOKAHA,HOMME,7868
VALLEE DU BANDAMAN,HAMBOL ,NIAKARAMADOUGOU,BADIKAHA,HOMME,14289
VALLEE DU BANDAMAN,HAMBOL ,NIAKARAMADOUGOU,NIAKARAMADOUGOU,HOMME,41561
VALLEE DU BANDAMAN,HAMBOL ,NIAKARAMADOUGOU,NIEDEKAHA,HOMME,6879
VALLEE DU BANDAMAN,HAMBOL ,NIAKARAMADOUGOU,TAFIRE,HOMME,16636
VALLEE DU BANDAMAN,HAMBOL ,NIAKARAMADOUGOU,TORTIYA,HOMME,15979
WOROBA,WORODOUGOU,KANI,DJIBROSSO,HOMME,11870
WOROBA,WORODOUGOU,KANI,FADIADOUGOU,HOMME,17778
WOROBA,WORODOUGOU,KANI,KANI,HOMME,29156
WOROBA,WORODOUGOU,KANI,MORONDO,HOMME,9724
WOROBA,WORODOUGOU,SEGUELA,BOBI,HOMME,3658
WOROBA,WORODOUGOU,SEGUELA,DIARABANA,HOMME,13599
WOROBA,WORODOUGOU,SEGUELA,DUALLA,HOMME,5162
WOROBA,WORODOUGOU,SEGUELA,KAMALO,HOMME,7163
WOROBA,WORODOUGOU,SEGUELA,MASSALA,HOMME,21226
WOROBA,WORODOUGOU,SEGUELA,SEGUELA,HOMME,53841
WOROBA,WORODOUGOU,SEGUELA,SIFIE,HOMME,16836
WOROBA,WORODOUGOU,SEGUELA,WOROFLA,HOMME,35543
WOROBA,BERE,DIANRA,DIANRA,HOMME,31363
WOROBA,BERE,DIANRA,DIANRA-VILLAGE,HOMME,29172
WOROBA,BERE,KOUNAHIRI,KONGASSO,HOMME,19709
WOROBA,BERE,KOUNAHIRI,KOUNAHIRI,HOMME,33781
WOROBA,BERE,MANKONO,BOUANDOUGOU,HOMME,23612
WOROBA,BERE,MANKONO,MANKONO,HOMME,39359
WOROBA,BERE,MANKONO,MARANDALAH,HOMME,22006
WOROBA,BERE,MANKONO,SARHALA,HOMME,22617
WOROBA,BERE,MANKONO,TIENINGBOUE,HOMME,34965
WOROBA,BAFING,KORO,BOOKO,HOMME,11836
WOROBA,BAFING,KORO,BOROTOU,HOMME,2708
WOROBA,BAFING,KORO,KORO,HOMME,18283
WOROBA,BAFING,KORO,MAHANDOUGOU,HOMME,3155
WOROBA,BAFING,KORO,NIOKOSSO,HOMME,4217
WOROBA,BAFING,OUANINOU,GBELO,HOMME,3506
WOROBA,BAFING,OUANINOU,GOUEKAN,HOMME,2438
WOROBA,BAFING,OUANINOU,KOONAN,HOMME,5237
WOROBA,BAFING,OUANINOU,OUANINOU,HOMME,14123
WOROBA,BAFING,OUANINOU,SABOUDOUGOU,HOMME,2638
WOROBA,BAFING,OUANINOU,SANTA (DE OUANINOU),HOMME,5859
WOROBA,BAFING,TOUBA,DIOMAN,HOMME,3165
WOROBA,BAFING,TOUBA,FOUNGBESSO,HOMME,12671
WOROBA,BAFING,TOUBA,GUINTEGUELA,HOMME,18277
WOROBA,BAFING,TOUBA,TOUBA,HOMME,28804
ZANZAN ,GONTOUGO,BONDOUKOU,APPIMANDOUM,HOMME,5035
ZANZAN ,GONTOUGO,BONDOUKOU,PINDA-BOROKO,HOMME,2904
ZANZAN ,GONTOUGO,BONDOUKOU,BONDO,HOMME,14336
ZANZAN ,GONTOUGO,BONDOUKOU,BONDOUKOU,HOMME,73549
ZANZAN ,GONTOUGO,BONDOUKOU,GOUMERE,HOMME,12178
ZANZAN ,GONTOUGO,BONDOUKOU,LAOUDI-BA,HOMME,51234
ZANZAN ,GONTOUGO,BONDOUKOU,SAPLI-SEPINGO,HOMME,6325
ZANZAN ,GONTOUGO,BONDOUKOU,SOROBANGO,HOMME,18349
ZANZAN ,GONTOUGO,BONDOUKOU,TABAGNE,HOMME,13507
ZANZAN ,GONTOUGO,BONDOUKOU,TAGADI,HOMME,19047
ZANZAN ,GONTOUGO,BONDOUKOU,TAOUDI,HOMME,13534
ZANZAN ,GONTOUGO,BONDOUKOU,YEZIMALA,HOMME,4373
ZANZAN ,GONTOUGO,KOUN-FAO,BOAHIA,HOMME,6218
ZANZAN ,GONTOUGO,KOUN-FAO,KOKOMIAN,HOMME,8324
ZANZAN ,GONTOUGO,KOUN-FAO,KOUASSI-DATEKRO,HOMME,15504
ZANZAN ,GONTOUGO,KOUN-FAO,KOUN-FAO,HOMME,26009
ZANZAN ,GONTOUGO,KOUN-FAO,TANKESSE,HOMME,18997
ZANZAN ,GONTOUGO,KOUN-FAO,TIENKOIKRO,HOMME,13617
ZANZAN ,GONTOUGO,SANDEGUE,BANDAKAGNI-TOMORA,HOMME,5829
ZANZAN ,GONTOUGO,SANDEGUE,DIMANDOUGOU,HOMME,4975
ZANZAN ,GONTOUGO,SANDEGUE,SANDEGUE,HOMME,13780
ZANZAN ,GONTOUGO,SANDEGUE,YOROBODI,HOMME,11440
ZANZAN ,GONTOUGO,TRANSUA,ASSUEFRY,HOMME,22753
ZANZAN ,GONTOUGO,TRANSUA,KOUASSI-NIAGUINI,HOMME,11337
ZANZAN ,GONTOUGO,TRANSUA,TRANSUA,HOMME,23344
ZANZAN ,GONTOUGO,TANDA,AMANVI,HOMME,5028
ZANZAN ,GONTOUGO,TANDA,DIAMBA,HOMME,8622
ZANZAN ,GONTOUGO,TANDA,TANDA,HOMME,35356
ZANZAN ,GONTOUGO,TANDA,TCHEDIO,HOMME,8134
ZANZAN ,BOUNKANI ,BOUNA,BOUKO,HOMME,12415
ZANZAN ,BOUNKANI ,BOUNA,BOUNA,HOMME,48232
ZANZAN ,BOUNKANI ,BOUNA,ONDEFIDOUO,HOMME,17010
ZANZAN ,BOUNKANI ,BOUNA,YOUNDOUO,HOMME,12250
ZANZAN ,BOUNKANI ,DOROPO,DANOA,HOMME,6862
ZANZAN ,BOUNKANI ,DOROPO,DOROPO,HOMME,24528
ZANZAN ,BOUNKANI ,DOROPO,KALAMON,HOMME,4547
ZANZAN ,BOUNKANI ,DOROPO,NIAMOUE,HOMME,10985
ZANZAN ,BOUNKANI ,NASSIAN,BOGOFA,HOMME,5212
ZANZAN ,BOUNKANI ,NASSIAN,KAKPIN,HOMME,4146
ZANZAN ,BOUNKANI ,NASSIAN,KOTOUBA,HOMME,7247
ZANZAN ,BOUNKANI ,NASSIAN,NASSIAN,HOMME,13544
ZANZAN ,BOUNKANI ,NASSIAN,SOMINASSE,HOMME,5877
ZANZAN ,BOUNKANI ,TEHINI,GOGO,HOMME,12202
ZANZAN ,BOUNKANI ,TEHINI,TEHINI,HOMME,15536
ZANZAN ,BOUNKANI ,TEHINI,TOUGBO,HOMME,15716
ABIDJAN,ABIDJAN,ABIDJAN,ABOBO,FEMME,659661
ABIDJAN,ABIDJAN,ABIDJAN,ADJAME,FEMME,159974
ABIDJAN,ABIDJAN,ABIDJAN,ATTECOUBE,FEMME,149146
ABIDJAN,ABIDJAN,ABIDJAN,COCODY,FEMME,362566
ABIDJAN,ABIDJAN,ABIDJAN,KOUMASSI,FEMME,203184
ABIDJAN,ABIDJAN,ABIDJAN,MARCORY,FEMME,103603
ABIDJAN,ABIDJAN,ABIDJAN,PLATEAU,FEMME,3551
ABIDJAN,ABIDJAN,ABIDJAN,PORT-BOUET,FEMME,297070
ABIDJAN,ABIDJAN,ABIDJAN,TREICHVILLE,FEMME,50642
ABIDJAN,ABIDJAN,ABIDJAN,YOPOUGON,FEMME,775622
ABIDJAN,ABIDJAN,ABIDJAN,ANYAMA,FEMME,189076
ABIDJAN,ABIDJAN,ABIDJAN,BINGERVILLE,FEMME,103259
ABIDJAN,ABIDJAN,ABIDJAN,BROFODOUME,FEMME,9734
ABIDJAN,ABIDJAN,ABIDJAN,SONGON,FEMME,42945
YAMOUSSOUKRO ,YAMOUSSOUKRO ,ATTIEGOUAKRO,ATTIEGOUAKRO,FEMME,7597
YAMOUSSOUKRO ,YAMOUSSOUKRO ,ATTIEGOUAKRO,LOLOBO (D'ATTIEGOUAKRO),FEMME,16112
YAMOUSSOUKRO ,YAMOUSSOUKRO ,YAMOUSSOUKRO,YAMOUSSOUKRO,FEMME,166256
YAMOUSSOUKRO ,YAMOUSSOUKRO ,YAMOUSSOUKRO,KOSSOU,FEMME,14931
BAS-SASSANDRA,SAN PEDRO ,SAN-PEDRO,DOBA,FEMME,43084
BAS-SASSANDRA,SAN PEDRO ,SAN-PEDRO,DOGBO,FEMME,27398
BAS-SASSANDRA,SAN PEDRO ,SAN-PEDRO,GABIADJI,FEMME,52892
BAS-SASSANDRA,SAN PEDRO ,SAN-PEDRO,GRAND-BEREBY,FEMME,59997
BAS-SASSANDRA,SAN PEDRO ,SAN-PEDRO,SAN-PEDRO,FEMME,184727
BAS-SASSANDRA,SAN PEDRO ,TABOU,DAPO-IBOKE,FEMME,9085
BAS-SASSANDRA,SAN PEDRO ,TABOU,DJAMANDIOKE,FEMME,10649
BAS-SASSANDRA,SAN PEDRO ,TABOU,DJOUROUTOU,FEMME,41027
BAS-SASSANDRA,SAN PEDRO ,TABOU,GRABO,FEMME,23855
BAS-SASSANDRA,SAN PEDRO ,TABOU,OLODIO,FEMME,8265
BAS-SASSANDRA,SAN PEDRO ,TABOU,TABOU,FEMME,29042
BAS-SASSANDRA,NAWA ,BUYO,BUYO,FEMME,47358
BAS-SASSANDRA,NAWA ,BUYO,DAPEOUA,FEMME,35350
BAS-SASSANDRA,NAWA ,GUEYO,DABOUYO,FEMME,21406
BAS-SASSANDRA,NAWA ,GUEYO,GUEYO,FEMME,25633
BAS-SASSANDRA,NAWA ,MEAGUI,GNAMANGUI,FEMME,38755
BAS-SASSANDRA,NAWA ,MEAGUI,MEAGUI,FEMME,72011
BAS-SASSANDRA,NAWA ,MEAGUI,OUPOYO,FEMME,29039
BAS-SASSANDRA,NAWA ,SOUBRE,GRAND-ZATTRY,FEMME,53524
BAS-SASSANDRA,NAWA ,SOUBRE,LILIYO,FEMME,38707
BAS-SASSANDRA,NAWA ,SOUBRE,OKROUYO,FEMME,56121
BAS-SASSANDRA,NAWA ,SOUBRE,SOUBRE,FEMME,126698
BAS-SASSANDRA,GBOKLE,FRESCO,DAHIRI,FEMME,16811
BAS-SASSANDRA,GBOKLE,FRESCO,FRESCO,FEMME,21831
BAS-SASSANDRA,GBOKLE,FRESCO,GBAGBAM,FEMME,11824
BAS-SASSANDRA,GBOKLE,SASSANDRA,DAKPADOU,FEMME,32576
BAS-SASSANDRA,GBOKLE,SASSANDRA,GRIHIRI,FEMME,18919
BAS-SASSANDRA,GBOKLE,SASSANDRA,LOBAKUYA,FEMME,19338
BAS-SASSANDRA,GBOKLE,SASSANDRA,MEDON,FEMME,7783
BAS-SASSANDRA,GBOKLE,SASSANDRA,SAGO,FEMME,41508
BAS-SASSANDRA,GBOKLE,SASSANDRA,SASSANDRA,FEMME,39995
COMOE,INDENIE-DJUABLIN,ABENGOUROU,ABENGOUROU,FEMME,79699
COMOE,INDENIE-DJUABLIN,ABENGOUROU,AMELEKIA,FEMME,12232
COMOE,INDENIE-DJUABLIN,ABENGOUROU,ANIASSUE,FEMME,20641
COMOE,INDENIE-DJUABLIN,ABENGOUROU,EBILASSOKRO,FEMME,13113
COMOE,INDENIE-DJUABLIN,ABENGOUROU,NIABLE,FEMME,27057
COMOE,INDENIE-DJUABLIN,ABENGOUROU,YAKASSE-FEYASSE,FEMME,24854
COMOE,INDENIE-DJUABLIN,ABENGOUROU,ZARANOU,FEMME,24175
COMOE,INDENIE-DJUABLIN,AGNIBILEKROU,AGNIBILEKROU,FEMME,46633
COMOE,INDENIE-DJUABLIN,AGNIBILEKROU,AKOBOISSUE,FEMME,16933
COMOE,INDENIE-DJUABLIN,AGNIBILEKROU,DAME,FEMME,10990
COMOE,INDENIE-DJUABLIN,AGNIBILEKROU,DUFFREBO,FEMME,21041
COMOE,INDENIE-DJUABLIN,AGNIBILEKROU,TANGUELAN,FEMME,6058
COMOE,INDENIE-DJUABLIN,BETTIE,BETTIE,FEMME,14962
COMOE,INDENIE-DJUABLIN,BETTIE,DIAMARAKRO,FEMME,16371
COMOE,SUD-COMOE ,ABOISSO,ABOISSO,FEMME,48447
COMOE,SUD-COMOE ,ABOISSO,ADAOU,FEMME,24886
COMOE,SUD-COMOE ,ABOISSO,ADJOUAN,FEMME,14243
COMOE,SUD-COMOE ,ABOISSO,AYAME,FEMME,13545
COMOE,SUD-COMOE ,ABOISSO,BIANOUAN,FEMME,23510
COMOE,SUD-COMOE ,ABOISSO,KOUAKRO,FEMME,15007
COMOE,SUD-COMOE ,ABOISSO,MAFERE,FEMME,21436
COMOE,SUD-COMOE ,ABOISSO,YAOU,FEMME,10387
COMOE,SUD-COMOE ,ADIAKE,ADIAKE,FEMME,24692
COMOE,SUD-COMOE ,ADIAKE,ASSINIE-MAFIA,FEMME,10141
COMOE,SUD-COMOE ,ADIAKE,ETUEBOUE,FEMME,7651
COMOE,SUD-COMOE ,GRAND-BASSAM,BONGO,FEMME,11046
COMOE,SUD-COMOE ,GRAND-BASSAM,BONOUA,FEMME,57270
COMOE,SUD-COMOE ,GRAND-BASSAM,GRAND-BASSAM,FEMME,61362
COMOE,SUD-COMOE ,TIAPOUM,NOE,FEMME,12061
COMOE,SUD-COMOE ,TIAPOUM,NOUAMOU,FEMME,8740
COMOE,SUD-COMOE ,TIAPOUM,TIAPOUM,FEMME,12853
DENGUELE ,KABADOUGOU,GBELEBAN,GBELEBAN,FEMME,2156
DENGUELE ,KABADOUGOU,GBELEBAN,SAMANGO,FEMME,8383
DENGUELE ,KABADOUGOU,GBELEBAN,SEYDOUGOU,FEMME,3801
DENGUELE ,KABADOUGOU,MADINANI,FENGOLO,FEMME,3549
DENGUELE ,KABADOUGOU,MADINANI,MADINANI,FEMME,15923
DENGUELE ,KABADOUGOU,MADINANI,N’GOLOBLASSO,FEMME,5051
DENGUELE ,KABADOUGOU,ODIENNE,BAKO,FEMME,13671
DENGUELE ,KABADOUGOU,ODIENNE,BOUGOUSSO,FEMME,4873
DENGUELE ,KABADOUGOU,ODIENNE,DIOULATIEDOUGOU,FEMME,9237
DENGUELE ,KABADOUGOU,ODIENNE,ODIENNE,FEMME,40436
DENGUELE ,KABADOUGOU,ODIENNE,TIEME,FEMME,5564
DENGUELE ,KABADOUGOU,SAMATIGUILA,KIMBIRILA-SUD,FEMME,5543
DENGUELE ,KABADOUGOU,SAMATIGUILA,SAMATIGUILA,FEMME,3525
DENGUELE ,KABADOUGOU,SEGUELON,GBONGAHA,FEMME,6233
DENGUELE ,KABADOUGOU,SEGUELON,SEGUELON,FEMME,10467
DENGUELE ,FOLON ,KANIASSO,GOULIA,FEMME,13319
DENGUELE ,FOLON ,KANIASSO,KANIASSO,FEMME,8942
DENGUELE ,FOLON ,KANIASSO,MAHANDIANA-SOKOURANI,FEMME,18813
DENGUELE ,FOLON ,MINIGNAN,KIMBIRILA-NORD,FEMME,4486
DENGUELE ,FOLON ,MINIGNAN,MINIGNAN,FEMME,11456
DENGUELE ,FOLON ,MINIGNAN,SOKORO,FEMME,3788
DENGUELE ,FOLON ,MINIGNAN,TIENKO,FEMME,9504
GÔH-DJIBOUA,GÔH,GAGNOA,BAYOTA,FEMME,26032
GÔH-DJIBOUA,GÔH,GAGNOA,DAHIEPA-KEHI,FEMME,9810
GÔH-DJIBOUA,GÔH,GAGNOA,DIGNAGO,FEMME,16897
GÔH-DJIBOUA,GÔH,GAGNOA,DOUGROUPALEGONAO,FEMME,27484
GÔH-DJIBOUA,GÔH,GAGNOA,DOUKOUYO,FEMME,8637
GÔH-DJIBOUA,GÔH,GAGNOA,GAGNOA,FEMME,133877
GÔH-DJIBOUA,GÔH,GAGNOA,GALEBRE / GALEBOUO,FEMME,17860
GÔH-DJIBOUA,GÔH,GAGNOA,GNAGBODOUGNOA,FEMME,8057
GÔH-DJIBOUA,GÔH,GAGNOA,GUIBEROUA,FEMME,36725
GÔH-DJIBOUA,GÔH,GAGNOA,OURAGAHIO,FEMME,23893
GÔH-DJIBOUA,GÔH,GAGNOA,SERIHIO,FEMME,21338
GÔH-DJIBOUA,GÔH,GAGNOA,YOPOHUE,FEMME,14118
GÔH-DJIBOUA,GÔH,OUME,DIEGONEFLA,FEMME,35836
GÔH-DJIBOUA,GÔH,OUME,GUEPAHOUO,FEMME,13515
GÔH-DJIBOUA,GÔH,OUME,OUME,FEMME,60125
GÔH-DJIBOUA,GÔH,OUME,TONLA,FEMME,15476
GÔH-DJIBOUA,LÔH-DJIBOUA ,DIVO,CHIEPO,FEMME,12146
GÔH-DJIBOUA,LÔH-DJIBOUA ,DIVO,DIDOKO,FEMME,16368
GÔH-DJIBOUA,LÔH-DJIBOUA ,DIVO,DIVO,FEMME,142643
GÔH-DJIBOUA,LÔH-DJIBOUA ,DIVO,HIRE,FEMME,37360
GÔH-DJIBOUA,LÔH-DJIBOUA ,DIVO,NEBO,FEMME,15430
GÔH-DJIBOUA,LÔH-DJIBOUA ,DIVO,OGOUDOU,FEMME,34875
GÔH-DJIBOUA,LÔH-DJIBOUA ,DIVO,ZEGO,FEMME,15830
GÔH-DJIBOUA,LÔH-DJIBOUA ,GUITRY,DAIRO-DIDIZO,FEMME,28616
GÔH-DJIBOUA,LÔH-DJIBOUA ,GUITRY,GUITRY,FEMME,38286
GÔH-DJIBOUA,LÔH-DJIBOUA ,GUITRY,LAUZOUA,FEMME,14916
GÔH-DJIBOUA,LÔH-DJIBOUA ,GUITRY,YOCOBOUE,FEMME,12407
GÔH-DJIBOUA,LÔH-DJIBOUA ,LAKOTA,DJIDJI,FEMME,7795
GÔH-DJIBOUA,LÔH-DJIBOUA ,LAKOTA,GAGORE,FEMME,9661
GÔH-DJIBOUA,LÔH-DJIBOUA ,LAKOTA,GOUDOUKO,FEMME,15148
GÔH-DJIBOUA,LÔH-DJIBOUA ,LAKOTA,LAKOTA,FEMME,78993
GÔH-DJIBOUA,LÔH-DJIBOUA ,LAKOTA,NIAMBEZARIA,FEMME,39461
GÔH-DJIBOUA,LÔH-DJIBOUA ,LAKOTA,ZIKISSO,FEMME,5568
LACS,BELIER ,DIDIEVI,BOLI,FEMME,7081
LACS,BELIER ,DIDIEVI,DIDIEVI,FEMME,13068
LACS,BELIER ,DIDIEVI,MOLONOU-BLE,FEMME,11588
LACS,BELIER ,DIDIEVI,RAVIART,FEMME,9316
LACS,BELIER ,DIDIEVI,TIE-N’DIEKRO,FEMME,6384
LACS,BELIER ,DJEKANOU,BONIKRO,FEMME,4753
LACS,BELIER ,DJEKANOU,DJEKANOU,FEMME,12732
LACS,BELIER ,TIEBISSOU,LOMOKANKRO,FEMME,7507
LACS,BELIER ,TIEBISSOU,MOLONOU,FEMME,10734
LACS,BELIER ,TIEBISSOU,TIEBISSOU,FEMME,31229
LACS,BELIER ,TIEBISSOU,YAKPABO-SAKASSOU,FEMME,6697
LACS,BELIER ,TOUMODI,ANGODA,FEMME,5955
LACS,BELIER ,TOUMODI,KOKOUMBO,FEMME,15652
LACS,BELIER ,TOUMODI,KPOUEBO,FEMME,15873
LACS,BELIER ,TOUMODI,TOUMODI,FEMME,43576
LACS,IFFOU,DAOUKRO,DAOUKRO,FEMME,48577
LACS,IFFOU,DAOUKRO,ETTROKRO,FEMME,10552
LACS,IFFOU,DAOUKRO,N'GATTAKRO,FEMME,5343
LACS,IFFOU,DAOUKRO,SAMANZA,FEMME,6005
LACS,IFFOU,M'BAHIAKRO,BONGUERA,FEMME,9162
LACS,IFFOU,M'BAHIAKRO,KONDOSSOU,FEMME,5093
LACS,IFFOU,M'BAHIAKRO,M'BAHIAKRO,FEMME,23750
LACS,IFFOU,OUELLE,AKPASSANOU,FEMME,2792
LACS,IFFOU,OUELLE,ANANDA,FEMME,6514
LACS,IFFOU,OUELLE,OUELLE,FEMME,17630
LACS,IFFOU,PRIKRO,ANIANOU,FEMME,3676
LACS,IFFOU,PRIKRO,FAMIENKRO,FEMME,8541
LACS,IFFOU,PRIKRO,KOFFI-AMONKRO,FEMME,6170
LACS,IFFOU,PRIKRO,NAFANA-PRIKRO,FEMME,6437
LACS,IFFOU,PRIKRO,PRIKRO,FEMME,21599
LACS,N'ZI ,BOCANDA,BENGASSOU,FEMME,11602
LACS,N'ZI ,BOCANDA,BOCANDA,FEMME,29302
LACS,N'ZI ,BOCANDA,KOUADIOBLEKRO,FEMME,10268
LACS,N'ZI ,BOCANDA,N'ZEKREZESSOU,FEMME,8521
LACS,N'ZI ,DIMBOKRO,ABIGUI,FEMME,4257
LACS,N'ZI ,DIMBOKRO,DIANGOKRO,FEMME,6972
LACS,N'ZI ,DIMBOKRO,DIMBOKRO,FEMME,34808
LACS,N'ZI ,DIMBOKRO,NOFOU,FEMME,3582
LACS,N'ZI ,KOUASSI-KOUASSIKRO,KOUASSI-KOUASSIKRO,FEMME,12580
LACS,N'ZI ,KOUASSI-KOUASSIKRO,MEKRO,FEMME,3347
LACS,MORONOU ,ARRAH,ARRAH,FEMME,20988
LACS,MORONOU ,ARRAH,KOTOBI,FEMME,17133
LACS,MORONOU ,ARRAH,KREGBE,FEMME,9553
LACS,MORONOU ,BONGOUANOU,ANDE,FEMME,25836
LACS,MORONOU ,BONGOUANOU,ASSIE-KOUMASSI,FEMME,10529
LACS,MORONOU ,BONGOUANOU,BONGOUANOU,FEMME,34777
LACS,MORONOU ,BONGOUANOU,N’GUESSANKRO-BONGOUANOU,FEMME,16216
LACS,MORONOU ,M'BATTO,ANOUMABA,FEMME,10700
LACS,MORONOU ,M'BATTO,ASSAHARA,FEMME,5430
LACS,MORONOU ,M'BATTO,M'BATTO,FEMME,35767
LACS,MORONOU ,M'BATTO,TIEMELEKRO,FEMME,15368
LAGUNES,GRANDS PONTS,DABOU,DABOU,FEMME,67862
LAGUNES,GRANDS PONTS,DABOU,LOPOU,FEMME,16639
LAGUNES,GRANDS PONTS,DABOU,TOUPAH,FEMME,18887
LAGUNES,GRANDS PONTS,GRAND-LAHOU,AHOUANOU,FEMME,15104
LAGUNES,GRANDS PONTS,GRAND-LAHOU,BACANDA,FEMME,10723
LAGUNES,GRANDS PONTS,GRAND-LAHOU,EBONOU,FEMME,8654
LAGUNES,GRANDS PONTS,GRAND-LAHOU,GRAND-LAHOU,FEMME,36745
LAGUNES,GRANDS PONTS,GRAND-LAHOU,TOUKOUZOU,FEMME,1424
LAGUNES,GRANDS PONTS,JACQUEVILLE,ATTOUTOU,FEMME,14749
LAGUNES,GRANDS PONTS,JACQUEVILLE,JACQUEVILLE,FEMME,23462
LAGUNES,AGNEBY-TIASSA ,AGBOVILLE,ABOUDE,FEMME,13557
LAGUNES,AGNEBY-TIASSA ,AGBOVILLE,ANANGUIE,FEMME,8718
LAGUNES,AGNEBY-TIASSA ,AGBOVILLE,AGBOVILLE,FEMME,66067
LAGUNES,AGNEBY-TIASSA ,AGBOVILLE,ATTOBROU,FEMME,12327
LAGUNES,AGNEBY-TIASSA ,AGBOVILLE,AZAGUIE,FEMME,18406
LAGUNES,AGNEBY-TIASSA ,AGBOVILLE,CECHI,FEMME,11877
LAGUNES,AGNEBY-TIASSA ,AGBOVILLE,GRAND-MORIE,FEMME,11976
LAGUNES,AGNEBY-TIASSA ,AGBOVILLE,GUESSIGUIE,FEMME,12305
LAGUNES,AGNEBY-TIASSA ,AGBOVILLE,LOVIGUIE,FEMME,9680
LAGUNES,AGNEBY-TIASSA ,AGBOVILLE,ORESS-KROBOU,FEMME,4181
LAGUNES,AGNEBY-TIASSA ,AGBOVILLE,RUBINO,FEMME,15197
LAGUNES,AGNEBY-TIASSA ,SIKENSI,GOMON,FEMME,16106
LAGUNES,AGNEBY-TIASSA ,SIKENSI,SIKENSI,FEMME,42908
LAGUNES,AGNEBY-TIASSA ,TAABO,PACOBO,FEMME,8739
LAGUNES,AGNEBY-TIASSA ,TAABO,TAABO,FEMME,26990
LAGUNES,AGNEBY-TIASSA ,TIASSALE,GBOLOUVILLE,FEMME,19425
LAGUNES,AGNEBY-TIASSA ,TIASSALE,MOROKRO,FEMME,23970
LAGUNES,AGNEBY-TIASSA ,TIASSALE,N'DOUCI,FEMME,45160
LAGUNES,AGNEBY-TIASSA ,TIASSALE,TIASSALE,FEMME,39605
LAGUNES,ME ,ADZOPE,ADZOPE,FEMME,75657
LAGUNES,ME ,ADZOPE,AGOU,FEMME,15069
LAGUNES,ME ,ADZOPE,ANNEPE,FEMME,11637
LAGUNES,ME ,ADZOPE,ASSIKOI,FEMME,9704
LAGUNES,ME ,ADZOPE,BECEDI-BRIGNAN,FEMME,11020
LAGUNES,ME ,ADZOPE,YAKASSE-ME,FEMME,13130
LAGUNES,ME ,AKOUPE,AFFERY,FEMME,22256
LAGUNES,ME ,AKOUPE,AKOUPE,FEMME,39266
LAGUNES,ME ,AKOUPE,BECOUEFIN,FEMME,14285
LAGUNES,ME ,ALEPE,ABOISSO-COMOE,FEMME,14297
LAGUNES,ME ,ALEPE,ALEPE,FEMME,29179
LAGUNES,ME ,ALEPE,ALLOSSO,FEMME,6112
LAGUNES,ME ,ALEPE,DANGUIRA,FEMME,24786
LAGUNES,ME ,ALEPE,OGHLWAPO,FEMME,7981
LAGUNES,ME ,YAKASSE-ATTOBROU,ABONGOUA,FEMME,7816
LAGUNES,ME ,YAKASSE-ATTOBROU,BIEBY,FEMME,10906
LAGUNES,ME ,YAKASSE-ATTOBROU,YAKASSE-ATTOBROU,FEMME,30739
MONTAGNES,TONKPI ,BIANKOUMA,BIANKOUMA,FEMME,33504
MONTAGNES,TONKPI ,BIANKOUMA,BLAPLEU,FEMME,11400
MONTAGNES,TONKPI ,BIANKOUMA,GBANGBEGOUINE,FEMME,2003
MONTAGNES,TONKPI ,BIANKOUMA,GBONNE,FEMME,24969
MONTAGNES,TONKPI ,BIANKOUMA,GOUINE,FEMME,9362
MONTAGNES,TONKPI ,BIANKOUMA,KPATA,FEMME,4391
MONTAGNES,TONKPI ,BIANKOUMA,SANTA-BIANKOUMA,FEMME,23883
MONTAGNES,TONKPI ,DANANE,DALEU,FEMME,25559
MONTAGNES,TONKPI ,DANANE,DANANE,FEMME,61491
MONTAGNES,TONKPI ,DANANE,GBON-HOUYE,FEMME,8867
MONTAGNES,TONKPI ,DANANE,KOUAN-HOULE,FEMME,16969
MONTAGNES,TONKPI ,DANANE,MAHAPLEU,FEMME,30779
MONTAGNES,TONKPI ,DANANE,SEILEU,FEMME,11216
MONTAGNES,TONKPI ,DANANE,ZONNEU,FEMME,14040
MONTAGNES,TONKPI ,MAN,BOGOUINE,FEMME,9670
MONTAGNES,TONKPI ,MAN,FAGNAMPLEU,FEMME,1519
MONTAGNES,TONKPI ,MAN,GBANGBEGOUINE YATI,FEMME,11647
MONTAGNES,TONKPI ,MAN,LOGOUALE,FEMME,14817
MONTAGNES,TONKPI ,MAN,MAN,FEMME,114735
MONTAGNES,TONKPI ,MAN,PODIAGOUINE,FEMME,15371
MONTAGNES,TONKPI ,MAN,SANDOUGOU-SOBA,FEMME,3454
MONTAGNES,TONKPI ,MAN,SANGOUINE,FEMME,29455
MONTAGNES,TONKPI ,MAN,YAPLEU,FEMME,5263
MONTAGNES,TONKPI ,MAN,ZAGOUE,FEMME,2838
MONTAGNES,TONKPI ,MAN,ZIOGOUINE,FEMME,7274
MONTAGNES,TONKPI ,SIPILOU,SIPILOU,FEMME,19468
MONTAGNES,TONKPI ,SIPILOU,YORODOUGOU,FEMME,13729
MONTAGNES,TONKPI ,ZOUAN-HOUNIEN,BANNEU,FEMME,9761
MONTAGNES,TONKPI ,ZOUAN-HOUNIEN,BIN-HOUYE,FEMME,14247
MONTAGNES,TONKPI ,ZOUAN-HOUNIEN,GOULALEU,FEMME,13852
MONTAGNES,TONKPI ,ZOUAN-HOUNIEN,TEAPLEU,FEMME,21026
MONTAGNES,TONKPI ,ZOUAN-HOUNIEN,YELLEU,FEMME,7467
MONTAGNES,TONKPI ,ZOUAN-HOUNIEN,ZOUAN-HOUNIEN,FEMME,52945
MONTAGNES,CAVALLY,BLOLEQUIN,BLOLEQUIN,FEMME,53188
MONTAGNES,CAVALLY,BLOLEQUIN,DIBOKE,FEMME,10093
MONTAGNES,CAVALLY,BLOLEQUIN,DOKE,FEMME,15535
MONTAGNES,CAVALLY,BLOLEQUIN,TINHOU,FEMME,9934
MONTAGNES,CAVALLY,BLOLEQUIN,ZEAGLO,FEMME,13805
MONTAGNES,CAVALLY,GUIGLO,BEDY-GOAZON,FEMME,11648
MONTAGNES,CAVALLY,GUIGLO,GUIGLO,FEMME,78417
MONTAGNES,CAVALLY,GUIGLO,KAADE,FEMME,17188
MONTAGNES,CAVALLY,GUIGLO,NIZAHON,FEMME,10343
MONTAGNES,CAVALLY,TAÏ,TAÏ,FEMME,19592
MONTAGNES,CAVALLY,TAÏ,ZAGNE,FEMME,33987
MONTAGNES,CAVALLY,TOULEPLEU,BAKOUBLY,FEMME,3095
MONTAGNES,CAVALLY,TOULEPLEU,MEO,FEMME,8984
MONTAGNES,CAVALLY,TOULEPLEU,NEZOBLY,FEMME,4147
MONTAGNES,CAVALLY,TOULEPLEU,PEHE,FEMME,7762
MONTAGNES,CAVALLY,TOULEPLEU,TIOBLY,FEMME,3528
MONTAGNES,CAVALLY,TOULEPLEU,TOULEPLEU,FEMME,12419
MONTAGNES,GUEMON,BANGOLO,BANGOLO,FEMME,25910
MONTAGNES,GUEMON,BANGOLO,BEOUE-ZIBIAO,FEMME,8415
MONTAGNES,GUEMON,BANGOLO,BLENIMEOUIN,FEMME,8516
MONTAGNES,GUEMON,BANGOLO,DIEOUZON,FEMME,8260
MONTAGNES,GUEMON,BANGOLO,GOHOUO-ZAGNA,FEMME,7260
MONTAGNES,GUEMON,BANGOLO,GUINGLO-TAHOUAKE,FEMME,8309
MONTAGNES,GUEMON,BANGOLO,KAHIN-ZARABAON,FEMME,27301
MONTAGNES,GUEMON,BANGOLO,ZEO,FEMME,5316
MONTAGNES,GUEMON,BANGOLO,ZOU,FEMME,23721
MONTAGNES,GUEMON,DUEKOUE,BAGOHOUO,FEMME,14110
MONTAGNES,GUEMON,DUEKOUE,DUEKOUE,FEMME,102193
MONTAGNES,GUEMON,DUEKOUE,GBAPLEU,FEMME,27255
MONTAGNES,GUEMON,DUEKOUE,GUEHIEBLY,FEMME,24370
MONTAGNES,GUEMON,DUEKOUE,GUEZON-DUEKOUE,FEMME,25732
MONTAGNES,GUEMON,FACOBLY,FACOBLY,FEMME,12936
MONTAGNES,GUEMON,FACOBLY,GUEZON (DE FACOBLY),FEMME,4649
MONTAGNES,GUEMON,FACOBLY,KOUA,FEMME,5410
MONTAGNES,GUEMON,FACOBLY,SEMIEN,FEMME,16445
MONTAGNES,GUEMON,FACOBLY,TIENY-SIABLY,FEMME,4545
MONTAGNES,GUEMON,KOUIBLY,KOUIBLY,FEMME,22615
MONTAGNES,GUEMON,KOUIBLY,NIDROU,FEMME,5931
MONTAGNES,GUEMON,KOUIBLY,OUYABLY-GNONDROU,FEMME,28304
MONTAGNES,GUEMON,KOUIBLY,TOTRODROU,FEMME,9500
SASSANDRA-MARAHOUE ,HAUT-SASSANDRA,DALOA,BEDIALA,FEMME,40228
SASSANDRA-MARAHOUE ,HAUT-SASSANDRA,DALOA,DALOA,FEMME,204246
SASSANDRA-MARAHOUE ,HAUT-SASSANDRA,DALOA,GADOUAN,FEMME,28766
SASSANDRA-MARAHOUE ,HAUT-SASSANDRA,DALOA,GBOGUHE,FEMME,33264
SASSANDRA-MARAHOUE ,HAUT-SASSANDRA,DALOA,GONATE,FEMME,21731
SASSANDRA-MARAHOUE ,HAUT-SASSANDRA,DALOA,ZAÏBO,FEMME,10977
SASSANDRA-MARAHOUE ,HAUT-SASSANDRA,ISSIA,BOGUEDIA,FEMME,12494
SASSANDRA-MARAHOUE ,HAUT-SASSANDRA,ISSIA,IBOGUHE,FEMME,26709
SASSANDRA-MARAHOUE ,HAUT-SASSANDRA,ISSIA,ISSIA,FEMME,58651
SASSANDRA-MARAHOUE ,HAUT-SASSANDRA,ISSIA,NAHIO,FEMME,10881
SASSANDRA-MARAHOUE ,HAUT-SASSANDRA,ISSIA,NAMANE,FEMME,20258
SASSANDRA-MARAHOUE ,HAUT-SASSANDRA,ISSIA,SAÏOUA,FEMME,46038
SASSANDRA-MARAHOUE ,HAUT-SASSANDRA,ISSIA,TAPEGUIA,FEMME,16141
SASSANDRA-MARAHOUE ,HAUT-SASSANDRA,VAVOUA,BAZRA-NATTIS,FEMME,31157
SASSANDRA-MARAHOUE ,HAUT-SASSANDRA,VAVOUA,DANANON,FEMME,17445
SASSANDRA-MARAHOUE ,HAUT-SASSANDRA,VAVOUA,DANIA,FEMME,48653
SASSANDRA-MARAHOUE ,HAUT-SASSANDRA,VAVOUA,KETTRO-BASSAM,FEMME,11598
SASSANDRA-MARAHOUE ,HAUT-SASSANDRA,VAVOUA,SEITIFLA,FEMME,50740
SASSANDRA-MARAHOUE ,HAUT-SASSANDRA,VAVOUA,VAVOUA,FEMME,62358
SASSANDRA-MARAHOUE ,HAUT-SASSANDRA,ZOUKOUGBEU,DOMANGBEU,FEMME,8092
SASSANDRA-MARAHOUE ,HAUT-SASSANDRA,ZOUKOUGBEU,GREGBEU,FEMME,12353
SASSANDRA-MARAHOUE ,HAUT-SASSANDRA,ZOUKOUGBEU,GUESSABO,FEMME,19866
SASSANDRA-MARAHOUE ,HAUT-SASSANDRA,ZOUKOUGBEU,ZOUKOUGBEU,FEMME,26628
SASSANDRA-MARAHOUE ,MARAHOUE,BONON,BONON,FEMME,54349
SASSANDRA-MARAHOUE ,MARAHOUE,BONON,ZAGUIETA,FEMME,23773
SASSANDRA-MARAHOUE ,MARAHOUE,BOUAFLE,BEGBESSOU,FEMME,10199
SASSANDRA-MARAHOUE ,MARAHOUE,BOUAFLE,BOUAFLE,FEMME,99443
SASSANDRA-MARAHOUE ,MARAHOUE,BOUAFLE,N'DOUFFOUKANKRO,FEMME,9681
SASSANDRA-MARAHOUE ,MARAHOUE,BOUAFLE,PAKOUABO,FEMME,8927
SASSANDRA-MARAHOUE ,MARAHOUE,BOUAFLE,TIBEITA,FEMME,10198
SASSANDRA-MARAHOUE ,MARAHOUE,GOHITAFLA,GOHITAFLA,FEMME,21620
SASSANDRA-MARAHOUE ,MARAHOUE,GOHITAFLA,IRIEFLA,FEMME,4121
SASSANDRA-MARAHOUE ,MARAHOUE,GOHITAFLA,MAMINIGUI,FEMME,13527
SASSANDRA-MARAHOUE ,MARAHOUE,SINFRA,BAZRE,FEMME,14623
SASSANDRA-MARAHOUE ,MARAHOUE,SINFRA,KONONFLA,FEMME,26015
SASSANDRA-MARAHOUE ,MARAHOUE,SINFRA,KOUETINFLA,FEMME,9994
SASSANDRA-MARAHOUE ,MARAHOUE,SINFRA,SINFRA,FEMME,66541
SASSANDRA-MARAHOUE ,MARAHOUE,ZUENOULA,KANZRA,FEMME,17207
SASSANDRA-MARAHOUE ,MARAHOUE,ZUENOULA,VOUEBOUFLA,FEMME,12503
SASSANDRA-MARAHOUE ,MARAHOUE,ZUENOULA,ZANZRA,FEMME,20259
SASSANDRA-MARAHOUE ,MARAHOUE,ZUENOULA,ZUENOULA,FEMME,36726
SAVANES ,PORO,DIKODOUGOU,BORON,FEMME,16489
SAVANES ,PORO,DIKODOUGOU,DIKODOUGOU,FEMME,23879
SAVANES ,PORO,DIKODOUGOU,GUIEMBE,FEMME,9917
SAVANES ,PORO,KORHOGO,DASSOUNGBOHO,FEMME,4414
SAVANES ,PORO,KORHOGO,KANOROBA,FEMME,12060
SAVANES ,PORO,KORHOGO,KARAKORO,FEMME,12223
SAVANES ,PORO,KORHOGO,KIEMOU,FEMME,14801
SAVANES ,PORO,KORHOGO,KOMBOLOKOURA,FEMME,4465
SAVANES ,PORO,KORHOGO,KOMBORODOUGOU,FEMME,8598
SAVANES ,PORO,KORHOGO,KONI,FEMME,8708
SAVANES ,PORO,KORHOGO,KORHOGO,FEMME,215736
SAVANES ,PORO,KORHOGO,LATAHA,FEMME,14020
SAVANES ,PORO,KORHOGO,NAFOUN,FEMME,5119
SAVANES ,PORO,KORHOGO,NAPIELEODOUGOU,FEMME,16488
SAVANES ,PORO,KORHOGO,N'GANON,FEMME,4581
SAVANES ,PORO,KORHOGO,NIOFOIN,FEMME,17872
SAVANES ,PORO,KORHOGO,SIRASSO,FEMME,14714
SAVANES ,PORO,KORHOGO,SOHOUO,FEMME,5987
SAVANES ,PORO,KORHOGO,TIORONIARADOUGOU,FEMME,11141
SAVANES ,PORO,M'BENGUE,BOUGOU,FEMME,8102
SAVANES ,PORO,M'BENGUE,KATIALI,FEMME,6302
SAVANES ,PORO,M'BENGUE,KATOGO,FEMME,9479
SAVANES ,PORO,M'BENGUE,M'BENGUE,FEMME,31870
SAVANES ,PORO,SINEMATIALI,BAHOUAKAHA,FEMME,3382
SAVANES ,PORO,SINEMATIALI,KAGBOLODOUGOU,FEMME,5318
SAVANES ,PORO,SINEMATIALI,SEDIEGO,FEMME,3616
SAVANES ,PORO,SINEMATIALI,SINEMATIALI,FEMME,26648
SAVANES ,TCHOLOGO ,FERKESSEDOUGOU,FERKESSEDOUGOU,FEMME,78667
SAVANES ,TCHOLOGO ,FERKESSEDOUGOU,KOUMBALA,FEMME,7075
SAVANES ,TCHOLOGO ,FERKESSEDOUGOU,TOGONIERE,FEMME,7567
SAVANES ,TCHOLOGO ,KONG,BILIMONO,FEMME,13921
SAVANES ,TCHOLOGO ,KONG,KONG,FEMME,15737
SAVANES ,TCHOLOGO ,KONG,NAFANA(DE KONG),FEMME,13953
SAVANES ,TCHOLOGO ,KONG,SIKOLO,FEMME,13440
SAVANES ,TCHOLOGO ,OUANGOLODOUGOU,DIAWALA,FEMME,41046
SAVANES ,TCHOLOGO ,OUANGOLODOUGOU,KAOUARA,FEMME,16720
SAVANES ,TCHOLOGO ,OUANGOLODOUGOU,NIELLE,FEMME,23489
SAVANES ,TCHOLOGO ,OUANGOLODOUGOU,OUANGOLODOUGOU,FEMME,40174
SAVANES ,TCHOLOGO ,OUANGOLODOUGOU,TOUMOUKORO,FEMME,22256
SAVANES ,BAGOUE ,BOUNDIALI,BAYA,FEMME,8019
SAVANES ,BAGOUE ,BOUNDIALI,BOUNDIALI,FEMME,44915
SAVANES ,BAGOUE ,BOUNDIALI,GANAONI,FEMME,11954
SAVANES ,BAGOUE ,BOUNDIALI,KASSERE,FEMME,18786
SAVANES ,BAGOUE ,BOUNDIALI,SIEMPURGO,FEMME,11670
SAVANES ,BAGOUE ,KOUTO,BLESSEGUE,FEMME,10369
SAVANES ,BAGOUE ,KOUTO,GBON,FEMME,16419
SAVANES ,BAGOUE ,KOUTO,KOLIA,FEMME,15635
SAVANES ,BAGOUE ,KOUTO,KOUTO,FEMME,27541
SAVANES ,BAGOUE ,KOUTO,SIANHALA,FEMME,16980
SAVANES ,BAGOUE ,TENGRELA,DEBETE,FEMME,2533
SAVANES ,BAGOUE ,TENGRELA,KANAKONO,FEMME,14845
SAVANES ,BAGOUE ,TENGRELA,PAPARA,FEMME,5714
SAVANES ,BAGOUE ,TENGRELA,TENGRELA,FEMME,45282
VALLEE DU BANDAMAN,GBEKE,BEOUMI,ANDO-KEKRENOU,FEMME,7753
VALLEE DU BANDAMAN,GBEKE,BEOUMI,BEOUMI,FEMME,40889
VALLEE DU BANDAMAN,GBEKE,BEOUMI,BODOKRO,FEMME,18206
VALLEE DU BANDAMAN,GBEKE,BEOUMI,KONDROBO,FEMME,8400
VALLEE DU BANDAMAN,GBEKE,BEOUMI,LOLOBO (DE BEOUMI),FEMME,5796
VALLEE DU BANDAMAN,GBEKE,BEOUMI,MARABADIASSA,FEMME,4991
VALLEE DU BANDAMAN,GBEKE,BEOUMI,N'GUESSANKRO (DE BEOUMI),FEMME,7706
VALLEE DU BANDAMAN,GBEKE,BOTRO,BOTRO,FEMME,17979
VALLEE DU BANDAMAN,GBEKE,BOTRO,DIABO,FEMME,18006
VALLEE DU BANDAMAN,GBEKE,BOTRO,KROFOINSOU,FEMME,6516
VALLEE DU BANDAMAN,GBEKE,BOTRO,LANGUIBONOU,FEMME,16851
VALLEE DU BANDAMAN,GBEKE,BOUAKE,BOUAKE,FEMME,398619
VALLEE DU BANDAMAN,GBEKE,BOUAKE,BOUNDA,FEMME,7117
VALLEE DU BANDAMAN,GBEKE,BOUAKE,BROBO,FEMME,11519
VALLEE DU BANDAMAN,GBEKE,BOUAKE,DJEBONOUA,FEMME,20298
VALLEE DU BANDAMAN,GBEKE,BOUAKE,MAMINI,FEMME,9674
VALLEE DU BANDAMAN,GBEKE,SAKASSOU,AYAOU-SRAN,FEMME,7469
VALLEE DU BANDAMAN,GBEKE,SAKASSOU,DIBRI-ASSIRIKRO,FEMME,9740
VALLEE DU BANDAMAN,GBEKE,SAKASSOU,SAKASSOU,FEMME,33710
VALLEE DU BANDAMAN,GBEKE,SAKASSOU,TOUMODI-SAKASSOU,FEMME,1847
VALLEE DU BANDAMAN,HAMBOL ,DABAKALA,BASSAWA,FEMME,10195
VALLEE DU BANDAMAN,HAMBOL ,DABAKALA,BONIEREDOUGOU,FEMME,13075
VALLEE DU BANDAMAN,HAMBOL ,DABAKALA,DABAKALA,FEMME,37803
VALLEE DU BANDAMAN,HAMBOL ,DABAKALA,FOUMBOLO,FEMME,13863
VALLEE DU BANDAMAN,HAMBOL ,DABAKALA,NIEMENE,FEMME,8156
VALLEE DU BANDAMAN,HAMBOL ,DABAKALA,SATAMA-SOKORO,FEMME,12647
VALLEE DU BANDAMAN,HAMBOL ,DABAKALA,SATAMA-SOKOURA,FEMME,6497
VALLEE DU BANDAMAN,HAMBOL ,DABAKALA,SOKALA-SOBARA,FEMME,9083
VALLEE DU BANDAMAN,HAMBOL ,DABAKALA,TENDENE-BAMBARASSO,FEMME,6230
VALLEE DU BANDAMAN,HAMBOL ,DABAKALA,YAOSSEDOUGOU,FEMME,4080
VALLEE DU BANDAMAN,HAMBOL ,KATIOLA,FRONAN,FEMME,26563
VALLEE DU BANDAMAN,HAMBOL ,KATIOLA,KATIOLA,FEMME,43058
VALLEE DU BANDAMAN,HAMBOL ,KATIOLA,TIMBE,FEMME,7098
VALLEE DU BANDAMAN,HAMBOL ,NIAKARAMADOUGOU,ARIKOKAHA,FEMME,5618
VALLEE DU BANDAMAN,HAMBOL ,NIAKARAMADOUGOU,BADIKAHA,FEMME,13209
VALLEE DU BANDAMAN,HAMBOL ,NIAKARAMADOUGOU,NIAKARAMADOUGOU,FEMME,36740
VALLEE DU BANDAMAN,HAMBOL ,NIAKARAMADOUGOU,NIEDEKAHA,FEMME,6314
VALLEE DU BANDAMAN,HAMBOL ,NIAKARAMADOUGOU,TAFIRE,FEMME,15604
VALLEE DU BANDAMAN,HAMBOL ,NIAKARAMADOUGOU,TORTIYA,FEMME,14430
WOROBA,WORODOUGOU,KANI,DJIBROSSO,FEMME,10613
WOROBA,WORODOUGOU,KANI,FADIADOUGOU,FEMME,16774
WOROBA,WORODOUGOU,KANI,KANI,FEMME,25953
WOROBA,WORODOUGOU,KANI,MORONDO,FEMME,9559
WOROBA,WORODOUGOU,SEGUELA,BOBI,FEMME,3480
WOROBA,WORODOUGOU,SEGUELA,DIARABANA,FEMME,11464
WOROBA,WORODOUGOU,SEGUELA,DUALLA,FEMME,4835
WOROBA,WORODOUGOU,SEGUELA,KAMALO,FEMME,6420
WOROBA,WORODOUGOU,SEGUELA,MASSALA,FEMME,19421
WOROBA,WORODOUGOU,SEGUELA,SEGUELA,FEMME,50139
WOROBA,WORODOUGOU,SEGUELA,SIFIE,FEMME,14428
WOROBA,WORODOUGOU,SEGUELA,WOROFLA,FEMME,31170
WOROBA,BERE,DIANRA,DIANRA,FEMME,30164
WOROBA,BERE,DIANRA,DIANRA-VILLAGE,FEMME,28447
WOROBA,BERE,KOUNAHIRI,KONGASSO,FEMME,17572
WOROBA,BERE,KOUNAHIRI,KOUNAHIRI,FEMME,30049
WOROBA,BERE,MANKONO,BOUANDOUGOU,FEMME,21882
WOROBA,BERE,MANKONO,MANKONO,FEMME,34806
WOROBA,BERE,MANKONO,MARANDALAH,FEMME,20723
WOROBA,BERE,MANKONO,SARHALA,FEMME,19834
WOROBA,BERE,MANKONO,TIENINGBOUE,FEMME,32090
WOROBA,BAFING,KORO,BOOKO,FEMME,11057
WOROBA,BAFING,KORO,BOROTOU,FEMME,2494
WOROBA,BAFING,KORO,KORO,FEMME,15284
WOROBA,BAFING,KORO,MAHANDOUGOU,FEMME,3182
WOROBA,BAFING,KORO,NIOKOSSO,FEMME,4129
WOROBA,BAFING,OUANINOU,GBELO,FEMME,2863
WOROBA,BAFING,OUANINOU,GOUEKAN,FEMME,2154
WOROBA,BAFING,OUANINOU,KOONAN,FEMME,4733
WOROBA,BAFING,OUANINOU,OUANINOU,FEMME,13796
WOROBA,BAFING,OUANINOU,SABOUDOUGOU,FEMME,2587
WOROBA,BAFING,OUANINOU,SANTA (DE OUANINOU),FEMME,6047
WOROBA,BAFING,TOUBA,DIOMAN,FEMME,3209
WOROBA,BAFING,TOUBA,FOUNGBESSO,FEMME,11890
WOROBA,BAFING,TOUBA,GUINTEGUELA,FEMME,16298
WOROBA,BAFING,TOUBA,TOUBA,FEMME,26209
ZANZAN ,GONTOUGO,BONDOUKOU,APPIMANDOUM,FEMME,4885
ZANZAN ,GONTOUGO,BONDOUKOU,PINDA-BOROKO,FEMME,3047
ZANZAN ,GONTOUGO,BONDOUKOU,BONDO,FEMME,14147
ZANZAN ,GONTOUGO,BONDOUKOU,BONDOUKOU,FEMME,68019
ZANZAN ,GONTOUGO,BONDOUKOU,GOUMERE,FEMME,11692
ZANZAN ,GONTOUGO,BONDOUKOU,LAOUDI-BA,FEMME,46819
ZANZAN ,GONTOUGO,BONDOUKOU,SAPLI-SEPINGO,FEMME,6078
ZANZAN ,GONTOUGO,BONDOUKOU,SOROBANGO,FEMME,16448
ZANZAN ,GONTOUGO,BONDOUKOU,TABAGNE,FEMME,13402
ZANZAN ,GONTOUGO,BONDOUKOU,TAGADI,FEMME,16096
ZANZAN ,GONTOUGO,BONDOUKOU,TAOUDI,FEMME,14384
ZANZAN ,GONTOUGO,BONDOUKOU,YEZIMALA,FEMME,4456
ZANZAN ,GONTOUGO,KOUN-FAO,BOAHIA,FEMME,5615
ZANZAN ,GONTOUGO,KOUN-FAO,KOKOMIAN,FEMME,6766
ZANZAN ,GONTOUGO,KOUN-FAO,KOUASSI-DATEKRO,FEMME,14824
ZANZAN ,GONTOUGO,KOUN-FAO,KOUN-FAO,FEMME,23271
ZANZAN ,GONTOUGO,KOUN-FAO,TANKESSE,FEMME,16944
ZANZAN ,GONTOUGO,KOUN-FAO,TIENKOIKRO,FEMME,11793
ZANZAN ,GONTOUGO,SANDEGUE,BANDAKAGNI-TOMORA,FEMME,5435
ZANZAN ,GONTOUGO,SANDEGUE,DIMANDOUGOU,FEMME,4215
ZANZAN ,GONTOUGO,SANDEGUE,SANDEGUE,FEMME,13138
ZANZAN ,GONTOUGO,SANDEGUE,YOROBODI,FEMME,10930
ZANZAN ,GONTOUGO,TRANSUA,ASSUEFRY,FEMME,22541
ZANZAN ,GONTOUGO,TRANSUA,KOUASSI-NIAGUINI,FEMME,10185
ZANZAN ,GONTOUGO,TRANSUA,TRANSUA,FEMME,22682
ZANZAN ,GONTOUGO,TANDA,AMANVI,FEMME,5113
ZANZAN ,GONTOUGO,TANDA,DIAMBA,FEMME,8423
ZANZAN ,GONTOUGO,TANDA,TANDA,FEMME,34241
ZANZAN ,GONTOUGO,TANDA,TCHEDIO,FEMME,8606
ZANZAN ,BOUNKANI ,BOUNA,BOUKO,FEMME,12135
ZANZAN ,BOUNKANI ,BOUNA,BOUNA,FEMME,46651
ZANZAN ,BOUNKANI ,BOUNA,ONDEFIDOUO,FEMME,16811
ZANZAN ,BOUNKANI ,BOUNA,YOUNDOUO,FEMME,12576
ZANZAN ,BOUNKANI ,DOROPO,DANOA,FEMME,6639
ZANZAN ,BOUNKANI ,DOROPO,DOROPO,FEMME,23697
ZANZAN ,BOUNKANI ,DOROPO,KALAMON,FEMME,4689
ZANZAN ,BOUNKANI ,DOROPO,NIAMOUE,FEMME,11439
ZANZAN ,BOUNKANI ,NASSIAN,BOGOFA,FEMME,5332
ZANZAN ,BOUNKANI ,NASSIAN,KAKPIN,FEMME,4294
ZANZAN ,BOUNKANI ,NASSIAN,KOTOUBA,FEMME,6962
ZANZAN ,BOUNKANI ,NASSIAN,NASSIAN,FEMME,13615
ZANZAN ,BOUNKANI ,NASSIAN,SOMINASSE,FEMME,5494
ZANZAN ,BOUNKANI ,TEHINI,GOGO,FEMME,11307
ZANZAN ,BOUNKANI ,TEHINI,TEHINI,FEMME,14219
ZANZAN ,BOUNKANI ,TEHINI,TOUGBO,FEMME,14866
ABIDJAN,ABIDJAN,ABIDJAN,ABOBO,MENAGE,280206
ABIDJAN,ABIDJAN,ABIDJAN,ADJAME,MENAGE,72671
ABIDJAN,ABIDJAN,ABIDJAN,ATTECOUBE,MENAGE,67683
ABIDJAN,ABIDJAN,ABIDJAN,COCODY,MENAGE,169438
ABIDJAN,ABIDJAN,ABIDJAN,KOUMASSI,MENAGE,97794
ABIDJAN,ABIDJAN,ABIDJAN,MARCORY,MENAGE,50945
ABIDJAN,ABIDJAN,ABIDJAN,PLATEAU,MENAGE,1584
ABIDJAN,ABIDJAN,ABIDJAN,PORT-BOUET,MENAGE,146903
ABIDJAN,ABIDJAN,ABIDJAN,TREICHVILLE,MENAGE,25046
ABIDJAN,ABIDJAN,ABIDJAN,YOPOUGON,MENAGE,349480
ABIDJAN,ABIDJAN,ABIDJAN,ANYAMA,MENAGE,80147
ABIDJAN,ABIDJAN,ABIDJAN,BINGERVILLE,MENAGE,46607
ABIDJAN,ABIDJAN,ABIDJAN,BROFODOUME,MENAGE,5088
ABIDJAN,ABIDJAN,ABIDJAN,SONGON,MENAGE,20544
YAMOUSSOUKRO ,YAMOUSSOUKRO ,ATTIEGOUAKRO,ATTIEGOUAKRO,MENAGE,2819
YAMOUSSOUKRO ,YAMOUSSOUKRO ,ATTIEGOUAKRO,LOLOBO (D'ATTIEGOUAKRO),MENAGE,6513
YAMOUSSOUKRO ,YAMOUSSOUKRO ,YAMOUSSOUKRO,YAMOUSSOUKRO,MENAGE,67394
YAMOUSSOUKRO ,YAMOUSSOUKRO ,YAMOUSSOUKRO,KOSSOU,MENAGE,6034
BAS-SASSANDRA,SAN PEDRO ,SAN-PEDRO,DOBA,MENAGE,17498
BAS-SASSANDRA,SAN PEDRO ,SAN-PEDRO,DOGBO,MENAGE,10015
BAS-SASSANDRA,SAN PEDRO ,SAN-PEDRO,GABIADJI,MENAGE,20666
BAS-SASSANDRA,SAN PEDRO ,SAN-PEDRO,GRAND-BEREBY,MENAGE,26269
BAS-SASSANDRA,SAN PEDRO ,SAN-PEDRO,SAN-PEDRO,MENAGE,75903
BAS-SASSANDRA,SAN PEDRO ,TABOU,DAPO-IBOKE,MENAGE,4647
BAS-SASSANDRA,SAN PEDRO ,TABOU,DJAMANDIOKE,MENAGE,3372
BAS-SASSANDRA,SAN PEDRO ,TABOU,DJOUROUTOU,MENAGE,15377
BAS-SASSANDRA,SAN PEDRO ,TABOU,GRABO,MENAGE,9789
BAS-SASSANDRA,SAN PEDRO ,TABOU,OLODIO,MENAGE,4786
BAS-SASSANDRA,SAN PEDRO ,TABOU,TABOU,MENAGE,9743
BAS-SASSANDRA,NAWA ,BUYO,BUYO,MENAGE,15769
BAS-SASSANDRA,NAWA ,BUYO,DAPEOUA,MENAGE,11922
BAS-SASSANDRA,NAWA ,GUEYO,DABOUYO,MENAGE,7579
BAS-SASSANDRA,NAWA ,GUEYO,GUEYO,MENAGE,10230
BAS-SASSANDRA,NAWA ,MEAGUI,GNAMANGUI,MENAGE,13047
BAS-SASSANDRA,NAWA ,MEAGUI,MEAGUI,MENAGE,33047
BAS-SASSANDRA,NAWA ,MEAGUI,OUPOYO,MENAGE,9385
BAS-SASSANDRA,NAWA ,SOUBRE,GRAND-ZATTRY,MENAGE,17399
BAS-SASSANDRA,NAWA ,SOUBRE,LILIYO,MENAGE,14682
BAS-SASSANDRA,NAWA ,SOUBRE,OKROUYO,MENAGE,19805
BAS-SASSANDRA,NAWA ,SOUBRE,SOUBRE,MENAGE,56747
BAS-SASSANDRA,GBOKLE,FRESCO,DAHIRI,MENAGE,5802
BAS-SASSANDRA,GBOKLE,FRESCO,FRESCO,MENAGE,10602
BAS-SASSANDRA,GBOKLE,FRESCO,GBAGBAM,MENAGE,4222
BAS-SASSANDRA,GBOKLE,SASSANDRA,DAKPADOU,MENAGE,12089
BAS-SASSANDRA,GBOKLE,SASSANDRA,GRIHIRI,MENAGE,7083
BAS-SASSANDRA,GBOKLE,SASSANDRA,LOBAKUYA,MENAGE,6521
BAS-SASSANDRA,GBOKLE,SASSANDRA,MEDON,MENAGE,3554
BAS-SASSANDRA,GBOKLE,SASSANDRA,SAGO,MENAGE,17190
BAS-SASSANDRA,GBOKLE,SASSANDRA,SASSANDRA,MENAGE,18028
COMOE,INDENIE-DJUABLIN,ABENGOUROU,ABENGOUROU,MENAGE,32376
COMOE,INDENIE-DJUABLIN,ABENGOUROU,AMELEKIA,MENAGE,6863
COMOE,INDENIE-DJUABLIN,ABENGOUROU,ANIASSUE,MENAGE,8215
COMOE,INDENIE-DJUABLIN,ABENGOUROU,EBILASSOKRO,MENAGE,5098
COMOE,INDENIE-DJUABLIN,ABENGOUROU,NIABLE,MENAGE,10734
COMOE,INDENIE-DJUABLIN,ABENGOUROU,YAKASSE-FEYASSE,MENAGE,11742
COMOE,INDENIE-DJUABLIN,ABENGOUROU,ZARANOU,MENAGE,12466
COMOE,INDENIE-DJUABLIN,AGNIBILEKROU,AGNIBILEKROU,MENAGE,23896
COMOE,INDENIE-DJUABLIN,AGNIBILEKROU,AKOBOISSUE,MENAGE,7281
COMOE,INDENIE-DJUABLIN,AGNIBILEKROU,DAME,MENAGE,4501
COMOE,INDENIE-DJUABLIN,AGNIBILEKROU,DUFFREBO,MENAGE,8738
COMOE,INDENIE-DJUABLIN,AGNIBILEKROU,TANGUELAN,MENAGE,2466
COMOE,INDENIE-DJUABLIN,BETTIE,BETTIE,MENAGE,6207
COMOE,INDENIE-DJUABLIN,BETTIE,DIAMARAKRO,MENAGE,5558
COMOE,SUD-COMOE ,ABOISSO,ABOISSO,MENAGE,23098
COMOE,SUD-COMOE ,ABOISSO,ADAOU,MENAGE,8836
COMOE,SUD-COMOE ,ABOISSO,ADJOUAN,MENAGE,5347
COMOE,SUD-COMOE ,ABOISSO,AYAME,MENAGE,5632
COMOE,SUD-COMOE ,ABOISSO,BIANOUAN,MENAGE,8165
COMOE,SUD-COMOE ,ABOISSO,KOUAKRO,MENAGE,6780
COMOE,SUD-COMOE ,ABOISSO,MAFERE,MENAGE,10134
COMOE,SUD-COMOE ,ABOISSO,YAOU,MENAGE,3749
COMOE,SUD-COMOE ,ADIAKE,ADIAKE,MENAGE,10651
COMOE,SUD-COMOE ,ADIAKE,ASSINIE-MAFIA,MENAGE,5208
COMOE,SUD-COMOE ,ADIAKE,ETUEBOUE,MENAGE,2541
COMOE,SUD-COMOE ,GRAND-BASSAM,BONGO,MENAGE,5614
COMOE,SUD-COMOE ,GRAND-BASSAM,BONOUA,MENAGE,27302
COMOE,SUD-COMOE ,GRAND-BASSAM,GRAND-BASSAM,MENAGE,27232
COMOE,SUD-COMOE ,TIAPOUM,NOE,MENAGE,4335
COMOE,SUD-COMOE ,TIAPOUM,NOUAMOU,MENAGE,2491
COMOE,SUD-COMOE ,TIAPOUM,TIAPOUM,MENAGE,4799
DENGUELE ,KABADOUGOU,GBELEBAN,GBELEBAN,MENAGE,797
DENGUELE ,KABADOUGOU,GBELEBAN,SAMANGO,MENAGE,2680
DENGUELE ,KABADOUGOU,GBELEBAN,SEYDOUGOU,MENAGE,1013
DENGUELE ,KABADOUGOU,MADINANI,FENGOLO,MENAGE,693
DENGUELE ,KABADOUGOU,MADINANI,MADINANI,MENAGE,3558
DENGUELE ,KABADOUGOU,MADINANI,N’GOLOBLASSO,MENAGE,930
DENGUELE ,KABADOUGOU,ODIENNE,BAKO,MENAGE,3767
DENGUELE ,KABADOUGOU,ODIENNE,BOUGOUSSO,MENAGE,1066
DENGUELE ,KABADOUGOU,ODIENNE,DIOULATIEDOUGOU,MENAGE,3025
DENGUELE ,KABADOUGOU,ODIENNE,ODIENNE,MENAGE,20193
DENGUELE ,KABADOUGOU,ODIENNE,TIEME,MENAGE,1986
DENGUELE ,KABADOUGOU,SAMATIGUILA,KIMBIRILA-SUD,MENAGE,1686
DENGUELE ,KABADOUGOU,SAMATIGUILA,SAMATIGUILA,MENAGE,1612
DENGUELE ,KABADOUGOU,SEGUELON,GBONGAHA,MENAGE,1772
DENGUELE ,KABADOUGOU,SEGUELON,SEGUELON,MENAGE,3338
DENGUELE ,FOLON ,KANIASSO,GOULIA,MENAGE,2331
DENGUELE ,FOLON ,KANIASSO,KANIASSO,MENAGE,2193
DENGUELE ,FOLON ,KANIASSO,MAHANDIANA-SOKOURANI,MENAGE,4035
DENGUELE ,FOLON ,MINIGNAN,KIMBIRILA-NORD,MENAGE,1242
DENGUELE ,FOLON ,MINIGNAN,MINIGNAN,MENAGE,4292
DENGUELE ,FOLON ,MINIGNAN,SOKORO,MENAGE,1586
DENGUELE ,FOLON ,MINIGNAN,TIENKO,MENAGE,2833
GÔH-DJIBOUA,GÔH,GAGNOA,BAYOTA,MENAGE,9022
GÔH-DJIBOUA,GÔH,GAGNOA,DAHIEPA-KEHI,MENAGE,4261
GÔH-DJIBOUA,GÔH,GAGNOA,DIGNAGO,MENAGE,6233
GÔH-DJIBOUA,GÔH,GAGNOA,DOUGROUPALEGONAO,MENAGE,9609
GÔH-DJIBOUA,GÔH,GAGNOA,DOUKOUYO,MENAGE,2869
GÔH-DJIBOUA,GÔH,GAGNOA,GAGNOA,MENAGE,56063
GÔH-DJIBOUA,GÔH,GAGNOA,GALEBRE / GALEBOUO,MENAGE,7442
GÔH-DJIBOUA,GÔH,GAGNOA,GNAGBODOUGNOA,MENAGE,3171
GÔH-DJIBOUA,GÔH,GAGNOA,GUIBEROUA,MENAGE,14794
GÔH-DJIBOUA,GÔH,GAGNOA,OURAGAHIO,MENAGE,9227
GÔH-DJIBOUA,GÔH,GAGNOA,SERIHIO,MENAGE,7537
GÔH-DJIBOUA,GÔH,GAGNOA,YOPOHUE,MENAGE,4865
GÔH-DJIBOUA,GÔH,OUME,DIEGONEFLA,MENAGE,14809
GÔH-DJIBOUA,GÔH,OUME,GUEPAHOUO,MENAGE,4427
GÔH-DJIBOUA,GÔH,OUME,OUME,MENAGE,25028
GÔH-DJIBOUA,GÔH,OUME,TONLA,MENAGE,5192
GÔH-DJIBOUA,LÔH-DJIBOUA ,DIVO,CHIEPO,MENAGE,3809
GÔH-DJIBOUA,LÔH-DJIBOUA ,DIVO,DIDOKO,MENAGE,5510
GÔH-DJIBOUA,LÔH-DJIBOUA ,DIVO,DIVO,MENAGE,54662
GÔH-DJIBOUA,LÔH-DJIBOUA ,DIVO,HIRE,MENAGE,16619
GÔH-DJIBOUA,LÔH-DJIBOUA ,DIVO,NEBO,MENAGE,5602
GÔH-DJIBOUA,LÔH-DJIBOUA ,DIVO,OGOUDOU,MENAGE,13042
GÔH-DJIBOUA,LÔH-DJIBOUA ,DIVO,ZEGO,MENAGE,4421
GÔH-DJIBOUA,LÔH-DJIBOUA ,GUITRY,DAIRO-DIDIZO,MENAGE,9164
GÔH-DJIBOUA,LÔH-DJIBOUA ,GUITRY,GUITRY,MENAGE,14257
GÔH-DJIBOUA,LÔH-DJIBOUA ,GUITRY,LAUZOUA,MENAGE,5400
GÔH-DJIBOUA,LÔH-DJIBOUA ,GUITRY,YOCOBOUE,MENAGE,4425
GÔH-DJIBOUA,LÔH-DJIBOUA ,LAKOTA,DJIDJI,MENAGE,2884
GÔH-DJIBOUA,LÔH-DJIBOUA ,LAKOTA,GAGORE,MENAGE,3002
GÔH-DJIBOUA,LÔH-DJIBOUA ,LAKOTA,GOUDOUKO,MENAGE,6722
GÔH-DJIBOUA,LÔH-DJIBOUA ,LAKOTA,LAKOTA,MENAGE,33968
GÔH-DJIBOUA,LÔH-DJIBOUA ,LAKOTA,NIAMBEZARIA,MENAGE,14338
GÔH-DJIBOUA,LÔH-DJIBOUA ,LAKOTA,ZIKISSO,MENAGE,2260
LACS,BELIER ,DIDIEVI,BOLI,MENAGE,2313
LACS,BELIER ,DIDIEVI,DIDIEVI,MENAGE,4867
LACS,BELIER ,DIDIEVI,MOLONOU-BLE,MENAGE,3600
LACS,BELIER ,DIDIEVI,RAVIART,MENAGE,2923
LACS,BELIER ,DIDIEVI,TIE-N’DIEKRO,MENAGE,2158
LACS,BELIER ,DJEKANOU,BONIKRO,MENAGE,2824
LACS,BELIER ,DJEKANOU,DJEKANOU,MENAGE,5978
LACS,BELIER ,TIEBISSOU,LOMOKANKRO,MENAGE,2578
LACS,BELIER ,TIEBISSOU,MOLONOU,MENAGE,4647
LACS,BELIER ,TIEBISSOU,TIEBISSOU,MENAGE,12465
LACS,BELIER ,TIEBISSOU,YAKPABO-SAKASSOU,MENAGE,2475
LACS,BELIER ,TOUMODI,ANGODA,MENAGE,2222
LACS,BELIER ,TOUMODI,KOKOUMBO,MENAGE,6764
LACS,BELIER ,TOUMODI,KPOUEBO,MENAGE,6758
LACS,BELIER ,TOUMODI,TOUMODI,MENAGE,17809
LACS,IFFOU,DAOUKRO,DAOUKRO,MENAGE,23632
LACS,IFFOU,DAOUKRO,ETTROKRO,MENAGE,3696
LACS,IFFOU,DAOUKRO,N'GATTAKRO,MENAGE,2800
LACS,IFFOU,DAOUKRO,SAMANZA,MENAGE,2093
LACS,IFFOU,M'BAHIAKRO,BONGUERA,MENAGE,2799
LACS,IFFOU,M'BAHIAKRO,KONDOSSOU,MENAGE,1901
LACS,IFFOU,M'BAHIAKRO,M'BAHIAKRO,MENAGE,9904
LACS,IFFOU,OUELLE,AKPASSANOU,MENAGE,1082
LACS,IFFOU,OUELLE,ANANDA,MENAGE,2304
LACS,IFFOU,OUELLE,OUELLE,MENAGE,8675
LACS,IFFOU,PRIKRO,ANIANOU,MENAGE,1032
LACS,IFFOU,PRIKRO,FAMIENKRO,MENAGE,2372
LACS,IFFOU,PRIKRO,KOFFI-AMONKRO,MENAGE,2165
LACS,IFFOU,PRIKRO,NAFANA-PRIKRO,MENAGE,2179
LACS,IFFOU,PRIKRO,PRIKRO,MENAGE,7782
LACS,N'ZI ,BOCANDA,BENGASSOU,MENAGE,4078
LACS,N'ZI ,BOCANDA,BOCANDA,MENAGE,10525
LACS,N'ZI ,BOCANDA,KOUADIOBLEKRO,MENAGE,3226
LACS,N'ZI ,BOCANDA,N'ZEKREZESSOU,MENAGE,3223
LACS,N'ZI ,DIMBOKRO,ABIGUI,MENAGE,1558
LACS,N'ZI ,DIMBOKRO,DIANGOKRO,MENAGE,4072
LACS,N'ZI ,DIMBOKRO,DIMBOKRO,MENAGE,15377
LACS,N'ZI ,DIMBOKRO,NOFOU,MENAGE,1516
LACS,N'ZI ,KOUASSI-KOUASSIKRO,KOUASSI-KOUASSIKRO,MENAGE,3977
LACS,N'ZI ,KOUASSI-KOUASSIKRO,MEKRO,MENAGE,1073
LACS,MORONOU ,ARRAH,ARRAH,MENAGE,9762
LACS,MORONOU ,ARRAH,KOTOBI,MENAGE,7538
LACS,MORONOU ,ARRAH,KREGBE,MENAGE,3898
LACS,MORONOU ,BONGOUANOU,ANDE,MENAGE,13387
LACS,MORONOU ,BONGOUANOU,ASSIE-KOUMASSI,MENAGE,3338
LACS,MORONOU ,BONGOUANOU,BONGOUANOU,MENAGE,16585
LACS,MORONOU ,BONGOUANOU,N’GUESSANKRO-BONGOUANOU,MENAGE,7130
LACS,MORONOU ,M'BATTO,ANOUMABA,MENAGE,3925
LACS,MORONOU ,M'BATTO,ASSAHARA,MENAGE,1856
LACS,MORONOU ,M'BATTO,M'BATTO,MENAGE,12338
LACS,MORONOU ,M'BATTO,TIEMELEKRO,MENAGE,6668
LAGUNES,GRANDS PONTS,DABOU,DABOU,MENAGE,29086
LAGUNES,GRANDS PONTS,DABOU,LOPOU,MENAGE,7491
LAGUNES,GRANDS PONTS,DABOU,TOUPAH,MENAGE,9205
LAGUNES,GRANDS PONTS,GRAND-LAHOU,AHOUANOU,MENAGE,5895
LAGUNES,GRANDS PONTS,GRAND-LAHOU,BACANDA,MENAGE,3648
LAGUNES,GRANDS PONTS,GRAND-LAHOU,EBONOU,MENAGE,3543
LAGUNES,GRANDS PONTS,GRAND-LAHOU,GRAND-LAHOU,MENAGE,15533
LAGUNES,GRANDS PONTS,GRAND-LAHOU,TOUKOUZOU,MENAGE,648
LAGUNES,GRANDS PONTS,JACQUEVILLE,ATTOUTOU,MENAGE,6784
LAGUNES,GRANDS PONTS,JACQUEVILLE,JACQUEVILLE,MENAGE,11327
LAGUNES,AGNEBY-TIASSA ,AGBOVILLE,ABOUDE,MENAGE,4129
LAGUNES,AGNEBY-TIASSA ,AGBOVILLE,ANANGUIE,MENAGE,2805
LAGUNES,AGNEBY-TIASSA ,AGBOVILLE,AGBOVILLE,MENAGE,27333
LAGUNES,AGNEBY-TIASSA ,AGBOVILLE,ATTOBROU,MENAGE,4008
LAGUNES,AGNEBY-TIASSA ,AGBOVILLE,AZAGUIE,MENAGE,8761
LAGUNES,AGNEBY-TIASSA ,AGBOVILLE,CECHI,MENAGE,3951
LAGUNES,AGNEBY-TIASSA ,AGBOVILLE,GRAND-MORIE,MENAGE,4026
LAGUNES,AGNEBY-TIASSA ,AGBOVILLE,GUESSIGUIE,MENAGE,4585
LAGUNES,AGNEBY-TIASSA ,AGBOVILLE,LOVIGUIE,MENAGE,3445
LAGUNES,AGNEBY-TIASSA ,AGBOVILLE,ORESS-KROBOU,MENAGE,1277
LAGUNES,AGNEBY-TIASSA ,AGBOVILLE,RUBINO,MENAGE,5811
LAGUNES,AGNEBY-TIASSA ,SIKENSI,GOMON,MENAGE,5795
LAGUNES,AGNEBY-TIASSA ,SIKENSI,SIKENSI,MENAGE,16715
LAGUNES,AGNEBY-TIASSA ,TAABO,PACOBO,MENAGE,4269
LAGUNES,AGNEBY-TIASSA ,TAABO,TAABO,MENAGE,10485
LAGUNES,AGNEBY-TIASSA ,TIASSALE,GBOLOUVILLE,MENAGE,6430
LAGUNES,AGNEBY-TIASSA ,TIASSALE,MOROKRO,MENAGE,8158
LAGUNES,AGNEBY-TIASSA ,TIASSALE,N'DOUCI,MENAGE,17644
LAGUNES,AGNEBY-TIASSA ,TIASSALE,TIASSALE,MENAGE,19135
LAGUNES,ME ,ADZOPE,ADZOPE,MENAGE,25668
LAGUNES,ME ,ADZOPE,AGOU,MENAGE,4555
LAGUNES,ME ,ADZOPE,ANNEPE,MENAGE,2721
LAGUNES,ME ,ADZOPE,ASSIKOI,MENAGE,2566
LAGUNES,ME ,ADZOPE,BECEDI-BRIGNAN,MENAGE,2750
LAGUNES,ME ,ADZOPE,YAKASSE-ME,MENAGE,3668
LAGUNES,ME ,AKOUPE,AFFERY,MENAGE,7391
LAGUNES,ME ,AKOUPE,AKOUPE,MENAGE,11500
LAGUNES,ME ,AKOUPE,BECOUEFIN,MENAGE,5066
LAGUNES,ME ,ALEPE,ABOISSO-COMOE,MENAGE,4074
LAGUNES,ME ,ALEPE,ALEPE,MENAGE,11141
LAGUNES,ME ,ALEPE,ALLOSSO,MENAGE,2195
LAGUNES,ME ,ALEPE,DANGUIRA,MENAGE,8351
LAGUNES,ME ,ALEPE,OGHLWAPO,MENAGE,3154
LAGUNES,ME ,YAKASSE-ATTOBROU,ABONGOUA,MENAGE,2208
LAGUNES,ME ,YAKASSE-ATTOBROU,BIEBY,MENAGE,3037
LAGUNES,ME ,YAKASSE-ATTOBROU,YAKASSE-ATTOBROU,MENAGE,7999
MONTAGNES,TONKPI ,BIANKOUMA,BIANKOUMA,MENAGE,14505
MONTAGNES,TONKPI ,BIANKOUMA,BLAPLEU,MENAGE,5150
MONTAGNES,TONKPI ,BIANKOUMA,GBANGBEGOUINE,MENAGE,1256
MONTAGNES,TONKPI ,BIANKOUMA,GBONNE,MENAGE,10246
MONTAGNES,TONKPI ,BIANKOUMA,GOUINE,MENAGE,4582
MONTAGNES,TONKPI ,BIANKOUMA,KPATA,MENAGE,2127
MONTAGNES,TONKPI ,BIANKOUMA,SANTA-BIANKOUMA,MENAGE,10161
MONTAGNES,TONKPI ,DANANE,DALEU,MENAGE,10998
MONTAGNES,TONKPI ,DANANE,DANANE,MENAGE,26004
MONTAGNES,TONKPI ,DANANE,GBON-HOUYE,MENAGE,3522
MONTAGNES,TONKPI ,DANANE,KOUAN-HOULE,MENAGE,7056
MONTAGNES,TONKPI ,DANANE,MAHAPLEU,MENAGE,13396
MONTAGNES,TONKPI ,DANANE,SEILEU,MENAGE,4083
MONTAGNES,TONKPI ,DANANE,ZONNEU,MENAGE,5137
MONTAGNES,TONKPI ,MAN,BOGOUINE,MENAGE,4021
MONTAGNES,TONKPI ,MAN,FAGNAMPLEU,MENAGE,707
MONTAGNES,TONKPI ,MAN,GBANGBEGOUINE YATI,MENAGE,4960
MONTAGNES,TONKPI ,MAN,LOGOUALE,MENAGE,6352
MONTAGNES,TONKPI ,MAN,MAN,MENAGE,49052
MONTAGNES,TONKPI ,MAN,PODIAGOUINE,MENAGE,6319
MONTAGNES,TONKPI ,MAN,SANDOUGOU-SOBA,MENAGE,1860
MONTAGNES,TONKPI ,MAN,SANGOUINE,MENAGE,12048
MONTAGNES,TONKPI ,MAN,YAPLEU,MENAGE,2000
MONTAGNES,TONKPI ,MAN,ZAGOUE,MENAGE,1497
MONTAGNES,TONKPI ,MAN,ZIOGOUINE,MENAGE,2880
MONTAGNES,TONKPI ,SIPILOU,SIPILOU,MENAGE,7826
MONTAGNES,TONKPI ,SIPILOU,YORODOUGOU,MENAGE,6935
MONTAGNES,TONKPI ,ZOUAN-HOUNIEN,BANNEU,MENAGE,3271
MONTAGNES,TONKPI ,ZOUAN-HOUNIEN,BIN-HOUYE,MENAGE,5080
MONTAGNES,TONKPI ,ZOUAN-HOUNIEN,GOULALEU,MENAGE,4961
MONTAGNES,TONKPI ,ZOUAN-HOUNIEN,TEAPLEU,MENAGE,7351
MONTAGNES,TONKPI ,ZOUAN-HOUNIEN,YELLEU,MENAGE,2516
MONTAGNES,TONKPI ,ZOUAN-HOUNIEN,ZOUAN-HOUNIEN,MENAGE,20792
MONTAGNES,CAVALLY,BLOLEQUIN,BLOLEQUIN,MENAGE,24448
MONTAGNES,CAVALLY,BLOLEQUIN,DIBOKE,MENAGE,5467
MONTAGNES,CAVALLY,BLOLEQUIN,DOKE,MENAGE,7767
MONTAGNES,CAVALLY,BLOLEQUIN,TINHOU,MENAGE,4769
MONTAGNES,CAVALLY,BLOLEQUIN,ZEAGLO,MENAGE,6559
MONTAGNES,CAVALLY,GUIGLO,BEDY-GOAZON,MENAGE,5286
MONTAGNES,CAVALLY,GUIGLO,GUIGLO,MENAGE,31791
MONTAGNES,CAVALLY,GUIGLO,KAADE,MENAGE,7015
MONTAGNES,CAVALLY,GUIGLO,NIZAHON,MENAGE,3237
MONTAGNES,CAVALLY,TAÏ,TAÏ,MENAGE,9238
MONTAGNES,CAVALLY,TAÏ,ZAGNE,MENAGE,15876
MONTAGNES,CAVALLY,TOULEPLEU,BAKOUBLY,MENAGE,1537
MONTAGNES,CAVALLY,TOULEPLEU,MEO,MENAGE,4719
MONTAGNES,CAVALLY,TOULEPLEU,NEZOBLY,MENAGE,1130
MONTAGNES,CAVALLY,TOULEPLEU,PEHE,MENAGE,3227
MONTAGNES,CAVALLY,TOULEPLEU,TIOBLY,MENAGE,1807
MONTAGNES,CAVALLY,TOULEPLEU,TOULEPLEU,MENAGE,5671
MONTAGNES,GUEMON,BANGOLO,BANGOLO,MENAGE,12169
MONTAGNES,GUEMON,BANGOLO,BEOUE-ZIBIAO,MENAGE,3585
MONTAGNES,GUEMON,BANGOLO,BLENIMEOUIN,MENAGE,2754
MONTAGNES,GUEMON,BANGOLO,DIEOUZON,MENAGE,3472
MONTAGNES,GUEMON,BANGOLO,GOHOUO-ZAGNA,MENAGE,2290
MONTAGNES,GUEMON,BANGOLO,GUINGLO-TAHOUAKE,MENAGE,3268
MONTAGNES,GUEMON,BANGOLO,KAHIN-ZARABAON,MENAGE,10211
MONTAGNES,GUEMON,BANGOLO,ZEO,MENAGE,2641
MONTAGNES,GUEMON,BANGOLO,ZOU,MENAGE,8820
MONTAGNES,GUEMON,DUEKOUE,BAGOHOUO,MENAGE,4921
MONTAGNES,GUEMON,DUEKOUE,DUEKOUE,MENAGE,43377
MONTAGNES,GUEMON,DUEKOUE,GBAPLEU,MENAGE,9211
MONTAGNES,GUEMON,DUEKOUE,GUEHIEBLY,MENAGE,8583
MONTAGNES,GUEMON,DUEKOUE,GUEZON-DUEKOUE,MENAGE,9198
MONTAGNES,GUEMON,FACOBLY,FACOBLY,MENAGE,5052
MONTAGNES,GUEMON,FACOBLY,GUEZON (DE FACOBLY),MENAGE,1790
MONTAGNES,GUEMON,FACOBLY,KOUA,MENAGE,2017
MONTAGNES,GUEMON,FACOBLY,SEMIEN,MENAGE,5440
MONTAGNES,GUEMON,FACOBLY,TIENY-SIABLY,MENAGE,1816
MONTAGNES,GUEMON,KOUIBLY,KOUIBLY,MENAGE,7619
MONTAGNES,GUEMON,KOUIBLY,NIDROU,MENAGE,2927
MONTAGNES,GUEMON,KOUIBLY,OUYABLY-GNONDROU,MENAGE,8616
MONTAGNES,GUEMON,KOUIBLY,TOTRODROU,MENAGE,4125
SASSANDRA-MARAHOUE ,HAUT-SASSANDRA,DALOA,BEDIALA,MENAGE,12125
SASSANDRA-MARAHOUE ,HAUT-SASSANDRA,DALOA,DALOA,MENAGE,80584
SASSANDRA-MARAHOUE ,HAUT-SASSANDRA,DALOA,GADOUAN,MENAGE,9546
SASSANDRA-MARAHOUE ,HAUT-SASSANDRA,DALOA,GBOGUHE,MENAGE,11154
SASSANDRA-MARAHOUE ,HAUT-SASSANDRA,DALOA,GONATE,MENAGE,7198
SASSANDRA-MARAHOUE ,HAUT-SASSANDRA,DALOA,ZAÏBO,MENAGE,3632
SASSANDRA-MARAHOUE ,HAUT-SASSANDRA,ISSIA,BOGUEDIA,MENAGE,4466
SASSANDRA-MARAHOUE ,HAUT-SASSANDRA,ISSIA,IBOGUHE,MENAGE,9181
SASSANDRA-MARAHOUE ,HAUT-SASSANDRA,ISSIA,ISSIA,MENAGE,23248
SASSANDRA-MARAHOUE ,HAUT-SASSANDRA,ISSIA,NAHIO,MENAGE,4223
SASSANDRA-MARAHOUE ,HAUT-SASSANDRA,ISSIA,NAMANE,MENAGE,7486
SASSANDRA-MARAHOUE ,HAUT-SASSANDRA,ISSIA,SAÏOUA,MENAGE,17517
SASSANDRA-MARAHOUE ,HAUT-SASSANDRA,ISSIA,TAPEGUIA,MENAGE,5666
SASSANDRA-MARAHOUE ,HAUT-SASSANDRA,VAVOUA,BAZRA-NATTIS,MENAGE,8326
SASSANDRA-MARAHOUE ,HAUT-SASSANDRA,VAVOUA,DANANON,MENAGE,4679
SASSANDRA-MARAHOUE ,HAUT-SASSANDRA,VAVOUA,DANIA,MENAGE,14938
SASSANDRA-MARAHOUE ,HAUT-SASSANDRA,VAVOUA,KETTRO-BASSAM,MENAGE,3062
SASSANDRA-MARAHOUE ,HAUT-SASSANDRA,VAVOUA,SEITIFLA,MENAGE,14250
SASSANDRA-MARAHOUE ,HAUT-SASSANDRA,VAVOUA,VAVOUA,MENAGE,21222
SASSANDRA-MARAHOUE ,HAUT-SASSANDRA,ZOUKOUGBEU,DOMANGBEU,MENAGE,2750
SASSANDRA-MARAHOUE ,HAUT-SASSANDRA,ZOUKOUGBEU,GREGBEU,MENAGE,4702
SASSANDRA-MARAHOUE ,HAUT-SASSANDRA,ZOUKOUGBEU,GUESSABO,MENAGE,7099
SASSANDRA-MARAHOUE ,HAUT-SASSANDRA,ZOUKOUGBEU,ZOUKOUGBEU,MENAGE,10448
SASSANDRA-MARAHOUE ,MARAHOUE,BONON,BONON,MENAGE,18735
SASSANDRA-MARAHOUE ,MARAHOUE,BONON,ZAGUIETA,MENAGE,6731
SASSANDRA-MARAHOUE ,MARAHOUE,BOUAFLE,BEGBESSOU,MENAGE,5519
SASSANDRA-MARAHOUE ,MARAHOUE,BOUAFLE,BOUAFLE,MENAGE,45210
SASSANDRA-MARAHOUE ,MARAHOUE,BOUAFLE,N'DOUFFOUKANKRO,MENAGE,3575
SASSANDRA-MARAHOUE ,MARAHOUE,BOUAFLE,PAKOUABO,MENAGE,4411
SASSANDRA-MARAHOUE ,MARAHOUE,BOUAFLE,TIBEITA,MENAGE,4301
SASSANDRA-MARAHOUE ,MARAHOUE,GOHITAFLA,GOHITAFLA,MENAGE,6249
SASSANDRA-MARAHOUE ,MARAHOUE,GOHITAFLA,IRIEFLA,MENAGE,1107
SASSANDRA-MARAHOUE ,MARAHOUE,GOHITAFLA,MAMINIGUI,MENAGE,4012
SASSANDRA-MARAHOUE ,MARAHOUE,SINFRA,BAZRE,MENAGE,5277
SASSANDRA-MARAHOUE ,MARAHOUE,SINFRA,KONONFLA,MENAGE,10195
SASSANDRA-MARAHOUE ,MARAHOUE,SINFRA,KOUETINFLA,MENAGE,4871
SASSANDRA-MARAHOUE ,MARAHOUE,SINFRA,SINFRA,MENAGE,24635
SASSANDRA-MARAHOUE ,MARAHOUE,ZUENOULA,KANZRA,MENAGE,5605
SASSANDRA-MARAHOUE ,MARAHOUE,ZUENOULA,VOUEBOUFLA,MENAGE,4779
SASSANDRA-MARAHOUE ,MARAHOUE,ZUENOULA,ZANZRA,MENAGE,7278
SASSANDRA-MARAHOUE ,MARAHOUE,ZUENOULA,ZUENOULA,MENAGE,14815
SAVANES ,PORO,DIKODOUGOU,BORON,MENAGE,4587
SAVANES ,PORO,DIKODOUGOU,DIKODOUGOU,MENAGE,7362
SAVANES ,PORO,DIKODOUGOU,GUIEMBE,MENAGE,3195
SAVANES ,PORO,KORHOGO,DASSOUNGBOHO,MENAGE,1381
SAVANES ,PORO,KORHOGO,KANOROBA,MENAGE,3436
SAVANES ,PORO,KORHOGO,KARAKORO,MENAGE,3498
SAVANES ,PORO,KORHOGO,KIEMOU,MENAGE,5822
SAVANES ,PORO,KORHOGO,KOMBOLOKOURA,MENAGE,1776
SAVANES ,PORO,KORHOGO,KOMBORODOUGOU,MENAGE,2810
SAVANES ,PORO,KORHOGO,KONI,MENAGE,2699
SAVANES ,PORO,KORHOGO,KORHOGO,MENAGE,81738
SAVANES ,PORO,KORHOGO,LATAHA,MENAGE,4516
SAVANES ,PORO,KORHOGO,NAFOUN,MENAGE,1442
SAVANES ,PORO,KORHOGO,NAPIELEODOUGOU,MENAGE,6429
SAVANES ,PORO,KORHOGO,N'GANON,MENAGE,1767
SAVANES ,PORO,KORHOGO,NIOFOIN,MENAGE,6844
SAVANES ,PORO,KORHOGO,SIRASSO,MENAGE,4495
SAVANES ,PORO,KORHOGO,SOHOUO,MENAGE,1907
SAVANES ,PORO,KORHOGO,TIORONIARADOUGOU,MENAGE,3424
SAVANES ,PORO,M'BENGUE,BOUGOU,MENAGE,1667
SAVANES ,PORO,M'BENGUE,KATIALI,MENAGE,1810
SAVANES ,PORO,M'BENGUE,KATOGO,MENAGE,2912
SAVANES ,PORO,M'BENGUE,M'BENGUE,MENAGE,11963
SAVANES ,PORO,SINEMATIALI,BAHOUAKAHA,MENAGE,1066
SAVANES ,PORO,SINEMATIALI,KAGBOLODOUGOU,MENAGE,1783
SAVANES ,PORO,SINEMATIALI,SEDIEGO,MENAGE,1181
SAVANES ,PORO,SINEMATIALI,SINEMATIALI,MENAGE,8663
SAVANES ,TCHOLOGO ,FERKESSEDOUGOU,FERKESSEDOUGOU,MENAGE,29865
SAVANES ,TCHOLOGO ,FERKESSEDOUGOU,KOUMBALA,MENAGE,2085
SAVANES ,TCHOLOGO ,FERKESSEDOUGOU,TOGONIERE,MENAGE,2487
SAVANES ,TCHOLOGO ,KONG,BILIMONO,MENAGE,4072
SAVANES ,TCHOLOGO ,KONG,KONG,MENAGE,5917
SAVANES ,TCHOLOGO ,KONG,NAFANA(DE KONG),MENAGE,4032
SAVANES ,TCHOLOGO ,KONG,SIKOLO,MENAGE,5371
SAVANES ,TCHOLOGO ,OUANGOLODOUGOU,DIAWALA,MENAGE,8067
SAVANES ,TCHOLOGO ,OUANGOLODOUGOU,KAOUARA,MENAGE,4142
SAVANES ,TCHOLOGO ,OUANGOLODOUGOU,NIELLE,MENAGE,5501
SAVANES ,TCHOLOGO ,OUANGOLODOUGOU,OUANGOLODOUGOU,MENAGE,13218
SAVANES ,TCHOLOGO ,OUANGOLODOUGOU,TOUMOUKORO,MENAGE,4959
SAVANES ,BAGOUE ,BOUNDIALI,BAYA,MENAGE,2019
SAVANES ,BAGOUE ,BOUNDIALI,BOUNDIALI,MENAGE,13905
SAVANES ,BAGOUE ,BOUNDIALI,GANAONI,MENAGE,3676
SAVANES ,BAGOUE ,BOUNDIALI,KASSERE,MENAGE,5711
SAVANES ,BAGOUE ,BOUNDIALI,SIEMPURGO,MENAGE,4102
SAVANES ,BAGOUE ,KOUTO,BLESSEGUE,MENAGE,2364
SAVANES ,BAGOUE ,KOUTO,GBON,MENAGE,2819
SAVANES ,BAGOUE ,KOUTO,KOLIA,MENAGE,3097
SAVANES ,BAGOUE ,KOUTO,KOUTO,MENAGE,5958
SAVANES ,BAGOUE ,KOUTO,SIANHALA,MENAGE,2694
SAVANES ,BAGOUE ,TENGRELA,DEBETE,MENAGE,699
SAVANES ,BAGOUE ,TENGRELA,KANAKONO,MENAGE,4821
SAVANES ,BAGOUE ,TENGRELA,PAPARA,MENAGE,3443
SAVANES ,BAGOUE ,TENGRELA,TENGRELA,MENAGE,13496
VALLEE DU BANDAMAN,GBEKE,BEOUMI,ANDO-KEKRENOU,MENAGE,2618
VALLEE DU BANDAMAN,GBEKE,BEOUMI,BEOUMI,MENAGE,15381
VALLEE DU BANDAMAN,GBEKE,BEOUMI,BODOKRO,MENAGE,5223
VALLEE DU BANDAMAN,GBEKE,BEOUMI,KONDROBO,MENAGE,2534
VALLEE DU BANDAMAN,GBEKE,BEOUMI,LOLOBO (DE BEOUMI),MENAGE,1592
VALLEE DU BANDAMAN,GBEKE,BEOUMI,MARABADIASSA,MENAGE,1870
VALLEE DU BANDAMAN,GBEKE,BEOUMI,N'GUESSANKRO (DE BEOUMI),MENAGE,2198
VALLEE DU BANDAMAN,GBEKE,BOTRO,BOTRO,MENAGE,5547
VALLEE DU BANDAMAN,GBEKE,BOTRO,DIABO,MENAGE,5539
VALLEE DU BANDAMAN,GBEKE,BOTRO,KROFOINSOU,MENAGE,1999
VALLEE DU BANDAMAN,GBEKE,BOTRO,LANGUIBONOU,MENAGE,5224
VALLEE DU BANDAMAN,GBEKE,BOUAKE,BOUAKE,MENAGE,152187
VALLEE DU BANDAMAN,GBEKE,BOUAKE,BOUNDA,MENAGE,1975
VALLEE DU BANDAMAN,GBEKE,BOUAKE,BROBO,MENAGE,4123
VALLEE DU BANDAMAN,GBEKE,BOUAKE,DJEBONOUA,MENAGE,6242
VALLEE DU BANDAMAN,GBEKE,BOUAKE,MAMINI,MENAGE,2953
VALLEE DU BANDAMAN,GBEKE,SAKASSOU,AYAOU-SRAN,MENAGE,3431
VALLEE DU BANDAMAN,GBEKE,SAKASSOU,DIBRI-ASSIRIKRO,MENAGE,3043
VALLEE DU BANDAMAN,GBEKE,SAKASSOU,SAKASSOU,MENAGE,13362
VALLEE DU BANDAMAN,GBEKE,SAKASSOU,TOUMODI-SAKASSOU,MENAGE,981
VALLEE DU BANDAMAN,HAMBOL ,DABAKALA,BASSAWA,MENAGE,4376
VALLEE DU BANDAMAN,HAMBOL ,DABAKALA,BONIEREDOUGOU,MENAGE,6095
VALLEE DU BANDAMAN,HAMBOL ,DABAKALA,DABAKALA,MENAGE,14894
VALLEE DU BANDAMAN,HAMBOL ,DABAKALA,FOUMBOLO,MENAGE,7200
VALLEE DU BANDAMAN,HAMBOL ,DABAKALA,NIEMENE,MENAGE,3582
VALLEE DU BANDAMAN,HAMBOL ,DABAKALA,SATAMA-SOKORO,MENAGE,6048
VALLEE DU BANDAMAN,HAMBOL ,DABAKALA,SATAMA-SOKOURA,MENAGE,3004
VALLEE DU BANDAMAN,HAMBOL ,DABAKALA,SOKALA-SOBARA,MENAGE,2922
VALLEE DU BANDAMAN,HAMBOL ,DABAKALA,TENDENE-BAMBARASSO,MENAGE,2648
VALLEE DU BANDAMAN,HAMBOL ,DABAKALA,YAOSSEDOUGOU,MENAGE,1535
VALLEE DU BANDAMAN,HAMBOL ,KATIOLA,FRONAN,MENAGE,9327
VALLEE DU BANDAMAN,HAMBOL ,KATIOLA,KATIOLA,MENAGE,18052
VALLEE DU BANDAMAN,HAMBOL ,KATIOLA,TIMBE,MENAGE,2694
VALLEE DU BANDAMAN,HAMBOL ,NIAKARAMADOUGOU,ARIKOKAHA,MENAGE,1807
VALLEE DU BANDAMAN,HAMBOL ,NIAKARAMADOUGOU,BADIKAHA,MENAGE,6261
VALLEE DU BANDAMAN,HAMBOL ,NIAKARAMADOUGOU,NIAKARAMADOUGOU,MENAGE,14306
VALLEE DU BANDAMAN,HAMBOL ,NIAKARAMADOUGOU,NIEDEKAHA,MENAGE,2166
VALLEE DU BANDAMAN,HAMBOL ,NIAKARAMADOUGOU,TAFIRE,MENAGE,5490
VALLEE DU BANDAMAN,HAMBOL ,NIAKARAMADOUGOU,TORTIYA,MENAGE,5279
WOROBA,WORODOUGOU,KANI,DJIBROSSO,MENAGE,4710
WOROBA,WORODOUGOU,KANI,FADIADOUGOU,MENAGE,6362
WOROBA,WORODOUGOU,KANI,KANI,MENAGE,11327
WOROBA,WORODOUGOU,KANI,MORONDO,MENAGE,3641
WOROBA,WORODOUGOU,SEGUELA,BOBI,MENAGE,1730
WOROBA,WORODOUGOU,SEGUELA,DIARABANA,MENAGE,5800
WOROBA,WORODOUGOU,SEGUELA,DUALLA,MENAGE,2489
WOROBA,WORODOUGOU,SEGUELA,KAMALO,MENAGE,2864
WOROBA,WORODOUGOU,SEGUELA,MASSALA,MENAGE,6181
WOROBA,WORODOUGOU,SEGUELA,SEGUELA,MENAGE,18775
WOROBA,WORODOUGOU,SEGUELA,SIFIE,MENAGE,7223
WOROBA,WORODOUGOU,SEGUELA,WOROFLA,MENAGE,11173
WOROBA,BERE,DIANRA,DIANRA,MENAGE,11176
WOROBA,BERE,DIANRA,DIANRA-VILLAGE,MENAGE,9752
WOROBA,BERE,KOUNAHIRI,KONGASSO,MENAGE,5462
WOROBA,BERE,KOUNAHIRI,KOUNAHIRI,MENAGE,9326
WOROBA,BERE,MANKONO,BOUANDOUGOU,MENAGE,9705
WOROBA,BERE,MANKONO,MANKONO,MENAGE,11877
WOROBA,BERE,MANKONO,MARANDALAH,MENAGE,6243
WOROBA,BERE,MANKONO,SARHALA,MENAGE,9372
WOROBA,BERE,MANKONO,TIENINGBOUE,MENAGE,8640
WOROBA,BAFING,KORO,BOOKO,MENAGE,3429
WOROBA,BAFING,KORO,BOROTOU,MENAGE,781
WOROBA,BAFING,KORO,KORO,MENAGE,6780
WOROBA,BAFING,KORO,MAHANDOUGOU,MENAGE,896
WOROBA,BAFING,KORO,NIOKOSSO,MENAGE,1281
WOROBA,BAFING,OUANINOU,GBELO,MENAGE,1618
WOROBA,BAFING,OUANINOU,GOUEKAN,MENAGE,597
WOROBA,BAFING,OUANINOU,KOONAN,MENAGE,1322
WOROBA,BAFING,OUANINOU,OUANINOU,MENAGE,4773
WOROBA,BAFING,OUANINOU,SABOUDOUGOU,MENAGE,870
WOROBA,BAFING,OUANINOU,SANTA (DE OUANINOU),MENAGE,1635
WOROBA,BAFING,TOUBA,DIOMAN,MENAGE,1091
WOROBA,BAFING,TOUBA,FOUNGBESSO,MENAGE,4433
WOROBA,BAFING,TOUBA,GUINTEGUELA,MENAGE,6261
WOROBA,BAFING,TOUBA,TOUBA,MENAGE,10451
ZANZAN ,GONTOUGO,BONDOUKOU,APPIMANDOUM,MENAGE,2864
ZANZAN ,GONTOUGO,BONDOUKOU,PINDA-BOROKO,MENAGE,1499
ZANZAN ,GONTOUGO,BONDOUKOU,BONDO,MENAGE,6479
ZANZAN ,GONTOUGO,BONDOUKOU,BONDOUKOU,MENAGE,36959
ZANZAN ,GONTOUGO,BONDOUKOU,GOUMERE,MENAGE,5709
ZANZAN ,GONTOUGO,BONDOUKOU,LAOUDI-BA,MENAGE,23639
ZANZAN ,GONTOUGO,BONDOUKOU,SAPLI-SEPINGO,MENAGE,2786
ZANZAN ,GONTOUGO,BONDOUKOU,SOROBANGO,MENAGE,8921
ZANZAN ,GONTOUGO,BONDOUKOU,TABAGNE,MENAGE,6990
ZANZAN ,GONTOUGO,BONDOUKOU,TAGADI,MENAGE,7436
ZANZAN ,GONTOUGO,BONDOUKOU,TAOUDI,MENAGE,6292
ZANZAN ,GONTOUGO,BONDOUKOU,YEZIMALA,MENAGE,2769
ZANZAN ,GONTOUGO,KOUN-FAO,BOAHIA,MENAGE,2153
ZANZAN ,GONTOUGO,KOUN-FAO,KOKOMIAN,MENAGE,2511
ZANZAN ,GONTOUGO,KOUN-FAO,KOUASSI-DATEKRO,MENAGE,7054
ZANZAN ,GONTOUGO,KOUN-FAO,KOUN-FAO,MENAGE,10047
ZANZAN ,GONTOUGO,KOUN-FAO,TANKESSE,MENAGE,7875
ZANZAN ,GONTOUGO,KOUN-FAO,TIENKOIKRO,MENAGE,4856
ZANZAN ,GONTOUGO,SANDEGUE,BANDAKAGNI-TOMORA,MENAGE,2611
ZANZAN ,GONTOUGO,SANDEGUE,DIMANDOUGOU,MENAGE,2404
ZANZAN ,GONTOUGO,SANDEGUE,SANDEGUE,MENAGE,6638
ZANZAN ,GONTOUGO,SANDEGUE,YOROBODI,MENAGE,5655
ZANZAN ,GONTOUGO,TRANSUA,ASSUEFRY,MENAGE,7748
ZANZAN ,GONTOUGO,TRANSUA,KOUASSI-NIAGUINI,MENAGE,2949
ZANZAN ,GONTOUGO,TRANSUA,TRANSUA,MENAGE,8213
ZANZAN ,GONTOUGO,TANDA,AMANVI,MENAGE,2977
ZANZAN ,GONTOUGO,TANDA,DIAMBA,MENAGE,3761
ZANZAN ,GONTOUGO,TANDA,TANDA,MENAGE,16100
ZANZAN ,GONTOUGO,TANDA,TCHEDIO,MENAGE,3855
ZANZAN ,BOUNKANI ,BOUNA,BOUKO,MENAGE,3230
ZANZAN ,BOUNKANI ,BOUNA,BOUNA,MENAGE,17285
ZANZAN ,BOUNKANI ,BOUNA,ONDEFIDOUO,MENAGE,4855
ZANZAN ,BOUNKANI ,BOUNA,YOUNDOUO,MENAGE,3494
ZANZAN ,BOUNKANI ,DOROPO,DANOA,MENAGE,1465
ZANZAN ,BOUNKANI ,DOROPO,DOROPO,MENAGE,8269
ZANZAN ,BOUNKANI ,DOROPO,KALAMON,MENAGE,1400
ZANZAN ,BOUNKANI ,DOROPO,NIAMOUE,MENAGE,2493
ZANZAN ,BOUNKANI ,NASSIAN,BOGOFA,MENAGE,1937
ZANZAN ,BOUNKANI ,NASSIAN,KAKPIN,MENAGE,1719
ZANZAN ,BOUNKANI ,NASSIAN,KOTOUBA,MENAGE,2516
ZANZAN ,BOUNKANI ,NASSIAN,NASSIAN,MENAGE,6267
ZANZAN ,BOUNKANI ,NASSIAN,SOMINASSE,MENAGE,2079
ZANZAN ,BOUNKANI ,TEHINI,GOGO,MENAGE,2328
ZANZAN ,BOUNKANI ,TEHINI,TEHINI,MENAGE,3483
ZANZAN ,BOUNKANI ,TEHINI,TOUGBO,MENAGE,3772
